sample,subject_id,response,oof_probability,predicted_response,correct
sample00000,sbj000,no,0.4281777186062822,no,True
sample00001,sbj000,no,0.5281306858860549,yes,False
sample00002,sbj000,no,0.45966367973833755,no,True
sample00006,sbj002,no,0.5106677442096802,yes,False
sample00007,sbj002,no,0.5095740076601304,yes,False
sample00008,sbj002,no,0.46665191686214735,no,True
sample00009,sbj003,no,0.4688667212165977,no,True
sample00010,sbj003,no,0.46834834842119677,no,True
sample00011,sbj003,no,0.5116139783768177,yes,False
sample00024,sbj008,yes,0.5520329795883478,yes,True
sample00025,sbj008,yes,0.5126364145608164,yes,True
sample00026,sbj008,yes,0.5397451697197359,yes,True
sample00060,sbj020,yes,0.5373506435894783,yes,True
sample00061,sbj020,yes,0.5530864569611266,yes,True
sample00062,sbj020,yes,0.4451495895456166,no,False
sample00066,sbj022,yes,0.5423965351025554,yes,True
sample00067,sbj022,yes,0.4676091704415007,no,False
sample00068,sbj022,yes,0.5615545832768447,yes,True
sample00072,sbj024,no,0.4653358745831121,no,True
sample00073,sbj024,no,0.47065398192451063,no,True
sample00074,sbj024,no,0.523291038450573,yes,False
sample00075,sbj025,yes,0.4992896598388106,no,False
sample00076,sbj025,yes,0.5175761907715027,yes,True
sample00077,sbj025,yes,0.5605214678659182,yes,True
sample00081,sbj027,no,0.5132242888936124,yes,False
sample00082,sbj027,no,0.5156740415979693,yes,False
sample00083,sbj027,no,0.4857598012541875,no,True
sample00123,sbj041,no,0.5001034971043193,yes,False
sample00124,sbj041,no,0.5153560485762699,yes,False
sample00125,sbj041,no,0.47540341435315064,no,True
sample00141,sbj047,yes,0.5437921686826694,yes,True
sample00142,sbj047,yes,0.5230880486568821,yes,True
sample00143,sbj047,yes,0.5034998137855228,yes,True
sample00153,sbj051,no,0.4749816244224043,no,True
sample00154,sbj051,no,0.5254812623132584,yes,False
sample00155,sbj051,no,0.5134049925707627,yes,False
sample00165,sbj055,yes,0.4859550903261999,no,False
sample00166,sbj055,yes,0.4867934108821835,no,False
sample00167,sbj055,yes,0.48326968668673803,no,False
sample00168,sbj056,yes,0.5128056824701405,yes,True
sample00169,sbj056,yes,0.5324671056529068,yes,True
sample00170,sbj056,yes,0.4896823676885454,no,False
sample00174,sbj058,no,0.5254787946518854,yes,False
sample00175,sbj058,no,0.5192143544465652,yes,False
sample00176,sbj058,no,0.5114128510926903,yes,False
sample00186,sbj062,no,0.41839316205489196,no,True
sample00187,sbj062,no,0.45989401340430297,no,True
sample00188,sbj062,no,0.5151117904349857,yes,False
sample00189,sbj063,no,0.5654483178180039,yes,False
sample00190,sbj063,no,0.5196540279609988,yes,False
sample00191,sbj063,no,0.4794762657333008,no,True
sample00213,sbj071,no,0.5237485370918549,yes,False
sample00214,sbj071,no,0.456264658943096,no,True
sample00215,sbj071,no,0.5181281244617459,yes,False
sample00243,sbj081,no,0.5242826708308548,yes,False
sample00244,sbj081,no,0.5579145361984836,yes,False
sample00245,sbj081,no,0.5188518501397668,yes,False
sample00249,sbj083,no,0.46374188562223095,no,True
sample00250,sbj083,no,0.45833376966578454,no,True
sample00251,sbj083,no,0.4988655592999539,no,True
sample00261,sbj087,yes,0.47500919684391535,no,False
sample00262,sbj087,yes,0.5564249426245458,yes,True
sample00263,sbj087,yes,0.5103646744664168,yes,True
sample00285,sbj095,no,0.5270985878335861,yes,False
sample00286,sbj095,no,0.4932282585049855,no,True
sample00287,sbj095,no,0.4751897910246604,no,True
sample00324,sbj1007,yes,0.41236255537323036,no,False
sample00325,sbj1007,yes,0.45536839447909255,no,False
sample00326,sbj1007,yes,0.5420355684330689,yes,True
sample00327,sbj1008,yes,0.49312929214942103,no,False
sample00328,sbj1008,yes,0.4671448404370051,no,False
sample00329,sbj1008,yes,0.5046475261629747,yes,True
sample00333,sbj101,yes,0.5524939454876792,yes,True
sample00334,sbj101,yes,0.49465776799130523,no,False
sample00335,sbj101,yes,0.5180370480243112,yes,True
sample00369,sbj1020,yes,0.5021149697686814,yes,True
sample00370,sbj1020,yes,0.46137043307320663,no,False
sample00371,sbj1020,yes,0.521666577048007,yes,True
sample00378,sbj1023,yes,0.47567323228117175,no,False
sample00379,sbj1023,yes,0.4337917010472853,no,False
sample00380,sbj1023,yes,0.5750881684166869,yes,True
sample00402,sbj1030,no,0.5171298258062451,yes,False
sample00403,sbj1030,no,0.5199665403830751,yes,False
sample00404,sbj1030,no,0.48537965768875385,no,True
sample00411,sbj1033,no,0.520209741575127,yes,False
sample00412,sbj1033,no,0.5052645015994298,yes,False
sample00413,sbj1033,no,0.531150028697859,yes,False
sample00414,sbj1034,no,0.47716442793738656,no,True
sample00415,sbj1034,no,0.4512873124019014,no,True
sample00416,sbj1034,no,0.5580928962636914,yes,False
sample00426,sbj1038,yes,0.4905112786686769,no,False
sample00427,sbj1038,yes,0.44928818552981203,no,False
sample00428,sbj1038,yes,0.5949921510187767,yes,True
sample00435,sbj1040,no,0.5003548476154775,yes,False
sample00436,sbj1040,no,0.4795675160583113,no,True
sample00437,sbj1040,no,0.48635466193814575,no,True
sample00447,sbj1044,yes,0.48506796435143273,no,False
sample00448,sbj1044,yes,0.5491906714637286,yes,True
sample00449,sbj1044,yes,0.5127063240045208,yes,True
sample00459,sbj1048,no,0.5161114862785257,yes,False
sample00460,sbj1048,no,0.5254748996862411,yes,False
sample00461,sbj1048,no,0.5077203069169066,yes,False
sample00465,sbj105,no,0.4855114191078041,no,True
sample00466,sbj105,no,0.5107660051997013,yes,False
sample00467,sbj105,no,0.47953164712001434,no,True
sample00471,sbj1051,no,0.5670922142768979,yes,False
sample00472,sbj1051,no,0.4880298273740099,no,True
sample00473,sbj1051,no,0.49994227702419547,no,True
sample00480,sbj1054,no,0.4566515146151651,no,True
sample00481,sbj1054,no,0.4810138450018697,no,True
sample00482,sbj1054,no,0.4855301613829277,no,True
sample00483,sbj1055,yes,0.5000382404592053,yes,True
sample00484,sbj1055,yes,0.5325603668563196,yes,True
sample00485,sbj1055,yes,0.49573996484124677,no,False
sample00492,sbj1058,no,0.49494263983800035,no,True
sample00493,sbj1058,no,0.40789878452710837,no,True
sample00494,sbj1058,no,0.5058325898937914,yes,False
sample00498,sbj106,yes,0.46829488502316946,no,False
sample00499,sbj106,yes,0.4722131853913512,no,False
sample00500,sbj106,yes,0.5505190773531399,yes,True
sample00510,sbj1063,yes,0.5857483603164153,yes,True
sample00511,sbj1063,yes,0.5243770400615739,yes,True
sample00512,sbj1063,yes,0.5755119616938689,yes,True
sample00513,sbj1064,no,0.49931141721004796,no,True
sample00514,sbj1064,no,0.543986402412945,yes,False
sample00515,sbj1064,no,0.5048192688481383,yes,False
sample00516,sbj1065,no,0.510571502672597,yes,False
sample00517,sbj1065,no,0.4645993925902568,no,True
sample00518,sbj1065,no,0.4866450826438001,no,True
sample00522,sbj1067,no,0.494322126968579,no,True
sample00523,sbj1067,no,0.462620033500072,no,True
sample00524,sbj1067,no,0.539853483639368,yes,False
sample00534,sbj1070,no,0.5095067607725473,yes,False
sample00535,sbj1070,no,0.538173814492801,yes,False
sample00536,sbj1070,no,0.4777266492247962,no,True
sample00537,sbj1071,yes,0.4834020883395278,no,False
sample00538,sbj1071,yes,0.4771042278894712,no,False
sample00539,sbj1071,yes,0.5666580844297848,yes,True
sample00543,sbj1073,yes,0.4876749312464251,no,False
sample00544,sbj1073,yes,0.49569986853104336,no,False
sample00545,sbj1073,yes,0.4917104230184974,no,False
sample00555,sbj1077,yes,0.4376870637747261,no,False
sample00556,sbj1077,yes,0.510173461384353,yes,True
sample00557,sbj1077,yes,0.5083076793603705,yes,True
sample00564,sbj108,yes,0.4814027254775945,no,False
sample00565,sbj108,yes,0.5748962588898036,yes,True
sample00566,sbj108,yes,0.5400243249894607,yes,True
sample00585,sbj1086,no,0.5526990916854762,yes,False
sample00586,sbj1086,no,0.5110290298971424,yes,False
sample00587,sbj1086,no,0.5183780504899941,yes,False
sample00588,sbj1087,no,0.4825934597082715,no,True
sample00589,sbj1087,no,0.4628599210799562,no,True
sample00590,sbj1087,no,0.4860004382263924,no,True
sample00621,sbj1097,yes,0.4984123664480035,no,False
sample00622,sbj1097,yes,0.37522564465061276,no,False
sample00623,sbj1097,yes,0.49035810549334535,no,False
sample00624,sbj1098,no,0.5285058359640975,yes,False
sample00625,sbj1098,no,0.4747450787850044,no,True
sample00626,sbj1098,no,0.5830801757168333,yes,False
sample00630,sbj110,yes,0.5575342772792722,yes,True
sample00631,sbj110,yes,0.5229971976741539,yes,True
sample00632,sbj110,yes,0.613087524777694,yes,True
sample00639,sbj1102,no,0.5129793008251649,yes,False
sample00640,sbj1102,no,0.5572680722740212,yes,False
sample00641,sbj1102,no,0.5407101371788394,yes,False
sample00660,sbj1109,yes,0.41251482644357995,no,False
sample00661,sbj1109,yes,0.5390748894811288,yes,True
sample00662,sbj1109,yes,0.547490603113064,yes,True
sample00675,sbj1113,yes,0.5373806147347095,yes,True
sample00676,sbj1113,yes,0.4295853140294644,no,False
sample00677,sbj1113,yes,0.45064398563806846,no,False
sample00693,sbj1119,no,0.503777474813273,yes,False
sample00694,sbj1119,no,0.43400136760764907,no,True
sample00695,sbj1119,no,0.47461212376943357,no,True
sample00696,sbj112,no,0.4918470483141786,no,True
sample00697,sbj112,no,0.5790142493920502,yes,False
sample00698,sbj112,no,0.5862256336416357,yes,False
sample00714,sbj1125,yes,0.5187610129163475,yes,True
sample00715,sbj1125,yes,0.4611304969010747,no,False
sample00716,sbj1125,yes,0.4775370132480094,no,False
sample00717,sbj1126,no,0.4644643077783332,no,True
sample00718,sbj1126,no,0.5575166014341535,yes,False
sample00719,sbj1126,no,0.5380687199087085,yes,False
sample00726,sbj1129,no,0.4640224230371315,no,True
sample00727,sbj1129,no,0.5004057051886752,yes,False
sample00728,sbj1129,no,0.5678851461763474,yes,False
sample00753,sbj1137,yes,0.5524049254442844,yes,True
sample00754,sbj1137,yes,0.5904803988118889,yes,True
sample00755,sbj1137,yes,0.4747582496290442,no,False
sample00756,sbj1138,no,0.5066945057976822,yes,False
sample00757,sbj1138,no,0.5092575051932791,yes,False
sample00758,sbj1138,no,0.5405416882857014,yes,False
sample00798,sbj1150,no,0.5117058753800824,yes,False
sample00799,sbj1150,no,0.5476443257301505,yes,False
sample00800,sbj1150,no,0.4291495569265705,no,True
sample00807,sbj1153,no,0.4897626561709033,no,True
sample00808,sbj1153,no,0.4617309754424234,no,True
sample00809,sbj1153,no,0.46993568442155514,no,True
sample00825,sbj1159,yes,0.5083621894785486,yes,True
sample00826,sbj1159,yes,0.5018816315155844,yes,True
sample00827,sbj1159,yes,0.5200579434752383,yes,True
sample00840,sbj1163,yes,0.5635205999825885,yes,True
sample00841,sbj1163,yes,0.5487465536925102,yes,True
sample00842,sbj1163,yes,0.5696130924524935,yes,True
sample00849,sbj1166,no,0.4984203237167484,no,True
sample00850,sbj1166,no,0.544785167883825,yes,False
sample00851,sbj1166,no,0.4975386681068875,no,True
sample00861,sbj117,yes,0.48583541723904994,no,False
sample00862,sbj117,yes,0.5165474997286218,yes,True
sample00863,sbj117,yes,0.517708975030082,yes,True
sample00867,sbj1171,no,0.5021722255924681,yes,False
sample00868,sbj1171,no,0.4705169106927293,no,True
sample00869,sbj1171,no,0.5217359812361031,yes,False
sample00873,sbj1173,yes,0.45998977449417583,no,False
sample00874,sbj1173,yes,0.42661327496403567,no,False
sample00875,sbj1173,yes,0.5536383914726788,yes,True
sample00876,sbj1174,yes,0.4599410236984973,no,False
sample00877,sbj1174,yes,0.48173045787564617,no,False
sample00878,sbj1174,yes,0.5450214140868178,yes,True
sample00888,sbj1178,yes,0.5529280008105202,yes,True
sample00889,sbj1178,yes,0.564433437431823,yes,True
sample00890,sbj1178,yes,0.48297455342154494,no,False
sample00894,sbj118,yes,0.46403863030303033,no,False
sample00895,sbj118,yes,0.44781028267294,no,False
sample00896,sbj118,yes,0.5498471559096233,yes,True
sample00912,sbj1185,yes,0.4375245299352054,no,False
sample00913,sbj1185,yes,0.5518906695705248,yes,True
sample00914,sbj1185,yes,0.5167328158755204,yes,True
sample00915,sbj1186,yes,0.43815422167412205,no,False
sample00916,sbj1186,yes,0.4830770854552238,no,False
sample00917,sbj1186,yes,0.5144746974400441,yes,True
sample00918,sbj1187,no,0.5214106192244857,yes,False
sample00919,sbj1187,no,0.5159480837290454,yes,False
sample00920,sbj1187,no,0.5191668545293829,yes,False
sample00939,sbj1193,yes,0.48416524983694625,no,False
sample00940,sbj1193,yes,0.5068384943423465,yes,True
sample00941,sbj1193,yes,0.46455524550579963,no,False
sample00966,sbj1201,no,0.47241888661453874,no,True
sample00967,sbj1201,no,0.5452279226101281,yes,False
sample00968,sbj1201,no,0.46313174326307593,no,True
sample00987,sbj1208,no,0.4552253232394635,no,True
sample00988,sbj1208,no,0.5112029794095714,yes,False
sample00989,sbj1208,no,0.47512724414245167,no,True
sample01008,sbj1214,yes,0.5009750837672835,yes,True
sample01009,sbj1214,yes,0.49967735765869736,no,False
sample01010,sbj1214,yes,0.49795364446891893,no,False
sample01011,sbj1215,no,0.46265559985267735,no,True
sample01012,sbj1215,no,0.5192132552590741,yes,False
sample01013,sbj1215,no,0.5212162517515194,yes,False
sample01017,sbj1217,yes,0.5428443088019567,yes,True
sample01018,sbj1217,yes,0.5635008276428538,yes,True
sample01019,sbj1217,yes,0.6611233302611359,yes,True
sample01023,sbj1219,no,0.46554529626526764,no,True
sample01024,sbj1219,no,0.573186133450031,yes,False
sample01025,sbj1219,no,0.4894098449947859,no,True
sample01041,sbj1224,no,0.4688459612629611,no,True
sample01042,sbj1224,no,0.48970868148364366,no,True
sample01043,sbj1224,no,0.4949225250845556,no,True
sample01053,sbj1228,no,0.48661625417081716,no,True
sample01054,sbj1228,no,0.4704339032171477,no,True
sample01055,sbj1228,no,0.48879019516522515,no,True
sample01062,sbj1230,no,0.5239032038505396,yes,False
sample01063,sbj1230,no,0.46889282489623785,no,True
sample01064,sbj1230,no,0.4786575881712534,no,True
sample01068,sbj1232,yes,0.488840065980756,no,False
sample01069,sbj1232,yes,0.545338600472087,yes,True
sample01070,sbj1232,yes,0.5173047471558109,yes,True
sample01074,sbj1234,yes,0.503739133906292,yes,True
sample01075,sbj1234,yes,0.5338433330102509,yes,True
sample01076,sbj1234,yes,0.5358641504817351,yes,True
sample01080,sbj1236,yes,0.47937659055073367,no,False
sample01081,sbj1236,yes,0.5195966268142193,yes,True
sample01082,sbj1236,yes,0.5152979561885145,yes,True
sample01092,sbj124,yes,0.5049542010784253,yes,True
sample01093,sbj124,yes,0.49262559906570047,no,False
sample01094,sbj124,yes,0.5366597399866694,yes,True
sample01104,sbj1243,yes,0.6135308832252319,yes,True
sample01105,sbj1243,yes,0.4311523071334302,no,False
sample01106,sbj1243,yes,0.4587308025307213,no,False
sample01110,sbj1245,no,0.5317936321192641,yes,False
sample01111,sbj1245,no,0.4601258512316093,no,True
sample01112,sbj1245,no,0.4602675722692597,no,True
sample01128,sbj1250,yes,0.4233532096698897,no,False
sample01129,sbj1250,yes,0.5251787148947266,yes,True
sample01130,sbj1250,yes,0.4962718088611986,no,False
sample01134,sbj1252,no,0.5474723562209263,yes,False
sample01135,sbj1252,no,0.4524390061692222,no,True
sample01136,sbj1252,no,0.5459495992468,yes,False
sample01137,sbj1253,no,0.5677952653433673,yes,False
sample01138,sbj1253,no,0.48326205079729195,no,True
sample01139,sbj1253,no,0.5877813274051793,yes,False
sample01143,sbj1255,no,0.46455614810307316,no,True
sample01144,sbj1255,no,0.5170988921043785,yes,False
sample01145,sbj1255,no,0.4594954305673639,no,True
sample01152,sbj1258,no,0.5062117072898277,yes,False
sample01153,sbj1258,no,0.5467588873245592,yes,False
sample01154,sbj1258,no,0.4873527518361897,no,True
sample01161,sbj1260,no,0.45963418010193813,no,True
sample01162,sbj1260,no,0.4802948494391504,no,True
sample01163,sbj1260,no,0.532379556192572,yes,False
sample01170,sbj1263,yes,0.515432734280916,yes,True
sample01171,sbj1263,yes,0.49674888654630744,no,False
sample01172,sbj1263,yes,0.5078168065492428,yes,True
sample01218,sbj1278,no,0.5112557714504459,yes,False
sample01219,sbj1278,no,0.4894133225449181,no,True
sample01220,sbj1278,no,0.5303270409194614,yes,False
sample01227,sbj1280,no,0.44114474561576406,no,True
sample01228,sbj1280,no,0.4450428483811008,no,True
sample01229,sbj1280,no,0.5575890765859978,yes,False
sample01230,sbj1281,no,0.4873255142373883,no,True
sample01231,sbj1281,no,0.510048916180296,yes,False
sample01232,sbj1281,no,0.48471182969553916,no,True
sample01242,sbj1285,no,0.5116189392756874,yes,False
sample01243,sbj1285,no,0.5000732799152197,yes,False
sample01244,sbj1285,no,0.4915221392712482,no,True
sample01245,sbj1286,yes,0.4978267279746711,no,False
sample01246,sbj1286,yes,0.48426719679252483,no,False
sample01247,sbj1286,yes,0.596434956879282,yes,True
sample01248,sbj1287,yes,0.525408673952053,yes,True
sample01249,sbj1287,yes,0.5626586083886123,yes,True
sample01250,sbj1287,yes,0.5321309843926818,yes,True
sample01260,sbj1290,yes,0.5224874183497392,yes,True
sample01261,sbj1290,yes,0.5332012612583654,yes,True
sample01262,sbj1290,yes,0.531958833146164,yes,True
sample01266,sbj1292,yes,0.5054787072006766,yes,True
sample01267,sbj1292,yes,0.5301630869509354,yes,True
sample01268,sbj1292,yes,0.5166173722450697,yes,True
sample01284,sbj1298,yes,0.5296684859995991,yes,True
sample01285,sbj1298,yes,0.48696120322064773,no,False
sample01286,sbj1298,yes,0.5479139813573484,yes,True
sample01311,sbj1306,yes,0.5074962415103573,yes,True
sample01312,sbj1306,yes,0.5485244779227101,yes,True
sample01313,sbj1306,yes,0.4833110626867925,no,False
sample01314,sbj1307,no,0.498006240992771,no,True
sample01315,sbj1307,no,0.4575625222748975,no,True
sample01316,sbj1307,no,0.5436621119133827,yes,False
sample01326,sbj1310,yes,0.49057551594768034,no,False
sample01327,sbj1310,yes,0.5111731860577523,yes,True
sample01328,sbj1310,yes,0.4917971797987639,no,False
sample01329,sbj1311,yes,0.4905479344728403,no,False
sample01330,sbj1311,yes,0.5034813725446586,yes,True
sample01331,sbj1311,yes,0.4462034361524098,no,False
sample01332,sbj1312,yes,0.5164744066692275,yes,True
sample01333,sbj1312,yes,0.5332509393511248,yes,True
sample01334,sbj1312,yes,0.5017298333363468,yes,True
sample01344,sbj1316,no,0.5161240371639935,yes,False
sample01345,sbj1316,no,0.4884647865592814,no,True
sample01346,sbj1316,no,0.48137754748915446,no,True
sample01359,sbj1320,yes,0.46009048239725864,no,False
sample01360,sbj1320,yes,0.5183603711552257,yes,True
sample01361,sbj1320,yes,0.47657344301087257,no,False
sample01377,sbj1326,yes,0.48307907320075333,no,False
sample01378,sbj1326,yes,0.56369036962564,yes,True
sample01379,sbj1326,yes,0.518153586567373,yes,True
sample01386,sbj1329,no,0.5396575467108616,yes,False
sample01387,sbj1329,no,0.5130655803731493,yes,False
sample01388,sbj1329,no,0.45431946658763284,no,True
sample01395,sbj1331,no,0.5436354172916336,yes,False
sample01396,sbj1331,no,0.5109205094008521,yes,False
sample01397,sbj1331,no,0.515262609941278,yes,False
sample01413,sbj1337,no,0.4783365092530191,no,True
sample01414,sbj1337,no,0.5174400889628464,yes,False
sample01415,sbj1337,no,0.4428740000345968,no,True
sample01419,sbj1339,yes,0.5272930129546801,yes,True
sample01420,sbj1339,yes,0.5095515375369304,yes,True
sample01421,sbj1339,yes,0.4986997014051724,no,False
sample01422,sbj134,yes,0.462800345690271,no,False
sample01423,sbj134,yes,0.4323973218851254,no,False
sample01424,sbj134,yes,0.5014539837349061,yes,True
sample01431,sbj1342,no,0.41110167038025636,no,True
sample01432,sbj1342,no,0.4713256042242989,no,True
sample01433,sbj1342,no,0.5415396749240241,yes,False
sample01440,sbj1345,yes,0.5228667730597262,yes,True
sample01441,sbj1345,yes,0.491242997618222,no,False
sample01442,sbj1345,yes,0.5113741581226495,yes,True
sample01458,sbj1350,yes,0.5173952983194023,yes,True
sample01459,sbj1350,yes,0.502297947272688,yes,True
sample01460,sbj1350,yes,0.5242413528419665,yes,True
sample01491,sbj1360,yes,0.5454438584889664,yes,True
sample01492,sbj1360,yes,0.5575702787135517,yes,True
sample01493,sbj1360,yes,0.4885688013364009,no,False
sample01497,sbj1362,yes,0.45487620070800855,no,False
sample01498,sbj1362,yes,0.5296818300487751,yes,True
sample01499,sbj1362,yes,0.52465180324273,yes,True
sample01533,sbj1373,yes,0.45033555757432503,no,False
sample01534,sbj1373,yes,0.45738093198894963,no,False
sample01535,sbj1373,yes,0.5310456845128013,yes,True
sample01536,sbj1374,yes,0.5330969435707,yes,True
sample01537,sbj1374,yes,0.5236279724999662,yes,True
sample01538,sbj1374,yes,0.462514715218881,no,False
sample01542,sbj1376,no,0.5270575684355449,yes,False
sample01543,sbj1376,no,0.43202406992914416,no,True
sample01544,sbj1376,no,0.5084765408956963,yes,False
sample01545,sbj1377,yes,0.5132540897330994,yes,True
sample01546,sbj1377,yes,0.5133308248973241,yes,True
sample01547,sbj1377,yes,0.47504372160048436,no,False
sample01554,sbj138,no,0.4708558663498691,no,True
sample01555,sbj138,no,0.5894297924922486,yes,False
sample01556,sbj138,no,0.49639270726791956,no,True
sample01587,sbj139,no,0.5527893676061046,yes,False
sample01588,sbj139,no,0.579368261936974,yes,False
sample01589,sbj139,no,0.5396947563315817,yes,False
sample01602,sbj1394,yes,0.5219768293365484,yes,True
sample01603,sbj1394,yes,0.5269163695707431,yes,True
sample01604,sbj1394,yes,0.5619316423442625,yes,True
sample01611,sbj1397,no,0.5093836769316915,yes,False
sample01612,sbj1397,no,0.559797883904695,yes,False
sample01613,sbj1397,no,0.4594524752763217,no,True
sample01620,sbj140,yes,0.5071004794229369,yes,True
sample01621,sbj140,yes,0.5727933079621983,yes,True
sample01622,sbj140,yes,0.5251598657052194,yes,True
sample01635,sbj1404,yes,0.4389017908621587,no,False
sample01636,sbj1404,yes,0.48376971463556484,no,False
sample01637,sbj1404,yes,0.49693376740297046,no,False
sample01638,sbj1405,yes,0.5065758020700672,yes,True
sample01639,sbj1405,yes,0.5865241273596793,yes,True
sample01640,sbj1405,yes,0.4090646616190594,no,False
sample01665,sbj1413,yes,0.541182963912834,yes,True
sample01666,sbj1413,yes,0.48037060703629614,no,False
sample01667,sbj1413,yes,0.4888001059297938,no,False
sample01674,sbj1416,no,0.4593969483893905,no,True
sample01675,sbj1416,no,0.5120598915713476,yes,False
sample01676,sbj1416,no,0.5041056253935129,yes,False
sample01680,sbj1418,no,0.47149194591976445,no,True
sample01681,sbj1418,no,0.5351563111202384,yes,False
sample01682,sbj1418,no,0.48328655898348427,no,True
sample01683,sbj1419,yes,0.43485432961162274,no,False
sample01684,sbj1419,yes,0.4921570517748036,no,False
sample01685,sbj1419,yes,0.47089610177813473,no,False
sample01686,sbj142,no,0.5184152681127562,yes,False
sample01687,sbj142,no,0.5152189722487915,yes,False
sample01688,sbj142,no,0.4675236890329201,no,True
sample01692,sbj1421,yes,0.5199821882815738,yes,True
sample01693,sbj1421,yes,0.4758871727542595,no,False
sample01694,sbj1421,yes,0.4640328957779467,no,False
sample01701,sbj1424,no,0.5417963411428764,yes,False
sample01702,sbj1424,no,0.48441661678319786,no,True
sample01703,sbj1424,no,0.45499904846905503,no,True
sample01719,sbj143,yes,0.48364230709520684,no,False
sample01720,sbj143,yes,0.5565687384669606,yes,True
sample01721,sbj143,yes,0.5297155669779253,yes,True
sample01722,sbj1430,no,0.5210259026405196,yes,False
sample01723,sbj1430,no,0.5421716222501187,yes,False
sample01724,sbj1430,no,0.5525277949097028,yes,False
sample01728,sbj1432,yes,0.5481793053915222,yes,True
sample01729,sbj1432,yes,0.5067458529328558,yes,True
sample01730,sbj1432,yes,0.48013274525896243,no,False
sample01752,sbj144,no,0.5154090211567022,yes,False
sample01753,sbj144,no,0.5026318820271011,yes,False
sample01754,sbj144,no,0.4968001431519141,no,True
sample01755,sbj1440,yes,0.5143667144986847,yes,True
sample01756,sbj1440,yes,0.4988034723485354,no,False
sample01757,sbj1440,yes,0.5230017584972955,yes,True
sample01767,sbj1444,no,0.5556095243917692,yes,False
sample01768,sbj1444,no,0.49772239368670096,no,True
sample01769,sbj1444,no,0.5429641176024874,yes,False
sample01785,sbj145,yes,0.47639301582776655,no,False
sample01786,sbj145,yes,0.5284828201114601,yes,True
sample01787,sbj145,yes,0.5987323600748655,yes,True
sample01803,sbj1455,no,0.5003654892105188,yes,False
sample01804,sbj1455,no,0.4806991491971295,no,True
sample01805,sbj1455,no,0.5669179294646277,yes,False
sample01809,sbj1457,no,0.5255685732168155,yes,False
sample01810,sbj1457,no,0.5186868279435674,yes,False
sample01811,sbj1457,no,0.4804793508729667,no,True
sample01812,sbj1458,no,0.4785434891170455,no,True
sample01813,sbj1458,no,0.5036655877358878,yes,False
sample01814,sbj1458,no,0.49588096733958187,no,True
sample01815,sbj1459,yes,0.5041545768985332,yes,True
sample01816,sbj1459,yes,0.5503176538276447,yes,True
sample01817,sbj1459,yes,0.5355466421250182,yes,True
sample01824,sbj1461,yes,0.5262818567095154,yes,True
sample01825,sbj1461,yes,0.45719399626370566,no,False
sample01826,sbj1461,yes,0.5185705127648356,yes,True
sample01830,sbj1463,yes,0.5134194837819157,yes,True
sample01831,sbj1463,yes,0.5141657461980047,yes,True
sample01832,sbj1463,yes,0.5335003174479522,yes,True
sample01833,sbj1464,yes,0.5354410129247896,yes,True
sample01834,sbj1464,yes,0.5033503054936566,yes,True
sample01835,sbj1464,yes,0.5433858029435897,yes,True
sample01848,sbj1469,no,0.49960515002475464,no,True
sample01849,sbj1469,no,0.47487813896626524,no,True
sample01850,sbj1469,no,0.5220091751197966,yes,False
sample01866,sbj1474,no,0.5407014468261377,yes,False
sample01867,sbj1474,no,0.4835703167593749,no,True
sample01868,sbj1474,no,0.5114489421278412,yes,False
sample01875,sbj1477,no,0.46324640912329473,no,True
sample01876,sbj1477,no,0.5017323122579379,yes,False
sample01877,sbj1477,no,0.42384178175406345,no,True
sample01881,sbj1479,yes,0.5004046546461595,yes,True
sample01882,sbj1479,yes,0.6201484570388199,yes,True
sample01883,sbj1479,yes,0.5135105432923796,yes,True
sample01884,sbj148,no,0.4871648245717379,no,True
sample01885,sbj148,no,0.5173629257035961,yes,False
sample01886,sbj148,no,0.5803335457444807,yes,False
sample01893,sbj1482,no,0.4671855115924644,no,True
sample01894,sbj1482,no,0.5319157753189917,yes,False
sample01895,sbj1482,no,0.4106116444429437,no,True
sample01899,sbj1484,yes,0.5175491593910979,yes,True
sample01900,sbj1484,yes,0.5119784257247725,yes,True
sample01901,sbj1484,yes,0.557591402717494,yes,True
sample01914,sbj1489,no,0.5222889383992863,yes,False
sample01915,sbj1489,no,0.4214907072279674,no,True
sample01916,sbj1489,no,0.49871584543218694,no,True
sample01926,sbj1492,no,0.5363332220373274,yes,False
sample01927,sbj1492,no,0.4984026236229274,no,True
sample01928,sbj1492,no,0.49064318098659926,no,True
sample01932,sbj1494,no,0.4519288704465265,no,True
sample01933,sbj1494,no,0.4999559868643979,no,True
sample01934,sbj1494,no,0.5398483744599162,yes,False
sample01962,sbj154,yes,0.525380094115342,yes,True
sample01963,sbj154,yes,0.5737455795440631,yes,True
sample01964,sbj154,yes,0.4978766138269108,no,False
sample01968,sbj156,no,0.5309187934297719,yes,False
sample01969,sbj156,no,0.46706826398856255,no,True
sample01970,sbj156,no,0.5694284443764692,yes,False
sample01986,sbj162,no,0.47797907295457487,no,True
sample01987,sbj162,no,0.4532717098790324,no,True
sample01988,sbj162,no,0.5044481718392562,yes,False
sample01992,sbj164,no,0.49330823313651423,no,True
sample01993,sbj164,no,0.5207691691804365,yes,False
sample01994,sbj164,no,0.5209647997120356,yes,False
sample02010,sbj170,no,0.48158535325485313,no,True
sample02011,sbj170,no,0.5216517564344287,yes,False
sample02012,sbj170,no,0.4733357232917815,no,True
sample02016,sbj172,no,0.4083787685966751,no,True
sample02017,sbj172,no,0.5563094136618155,yes,False
sample02018,sbj172,no,0.5023885186604826,yes,False
sample02037,sbj179,yes,0.5031815017560554,yes,True
sample02038,sbj179,yes,0.557248804685002,yes,True
sample02039,sbj179,yes,0.4215540640542699,no,False
sample02040,sbj180,no,0.5078287214294342,yes,False
sample02041,sbj180,no,0.4579875383393561,no,True
sample02042,sbj180,no,0.5058450435932388,yes,False
sample02046,sbj182,no,0.5152026263362603,yes,False
sample02047,sbj182,no,0.4735146993093576,no,True
sample02048,sbj182,no,0.5773722689987981,yes,False
sample02055,sbj185,yes,0.4835946546621935,no,False
sample02056,sbj185,yes,0.4608865091658286,no,False
sample02057,sbj185,yes,0.4124311216507704,no,False
sample02061,sbj187,no,0.4460544237815969,no,True
sample02062,sbj187,no,0.4508305448708136,no,True
sample02063,sbj187,no,0.5312041200001147,yes,False
sample02064,sbj188,yes,0.49398647391506906,no,False
sample02065,sbj188,yes,0.5548953180911186,yes,True
sample02066,sbj188,yes,0.5115172669569163,yes,True
sample02109,sbj203,no,0.5558340896342523,yes,False
sample02110,sbj203,no,0.449252926790752,no,True
sample02111,sbj203,no,0.4834474528659526,no,True
sample02148,sbj216,no,0.45101554225022644,no,True
sample02149,sbj216,no,0.5357967576867649,yes,False
sample02150,sbj216,no,0.4915743793250155,no,True
sample02169,sbj223,no,0.5681904415288582,yes,False
sample02170,sbj223,no,0.5105544534965216,yes,False
sample02171,sbj223,no,0.5014398866486982,yes,False
sample02178,sbj226,yes,0.44870890526984775,no,False
sample02179,sbj226,yes,0.5365381898013607,yes,True
sample02180,sbj226,yes,0.5643514006735864,yes,True
sample02196,sbj232,yes,0.49907453111877226,no,False
sample02197,sbj232,yes,0.5109387957168053,yes,True
sample02198,sbj232,yes,0.5136492955259584,yes,True
sample02205,sbj235,no,0.5048385746395075,yes,False
sample02206,sbj235,no,0.45987806120638325,no,True
sample02207,sbj235,no,0.4636449474332755,no,True
sample02214,sbj238,no,0.49028353920953127,no,True
sample02215,sbj238,no,0.5200206664505471,yes,False
sample02216,sbj238,no,0.4872752362121168,no,True
sample02232,sbj244,no,0.5072896386095157,yes,False
sample02233,sbj244,no,0.5299169606215057,yes,False
sample02234,sbj244,no,0.48091385780884405,no,True
sample02235,sbj245,yes,0.4067714704184338,no,False
sample02236,sbj245,yes,0.42426256757624636,no,False
sample02237,sbj245,yes,0.4918853838932021,no,False
sample02244,sbj248,yes,0.48724282543340847,no,False
sample02245,sbj248,yes,0.494910733299674,no,False
sample02246,sbj248,yes,0.5373228798332783,yes,True
sample02253,sbj251,no,0.5257429047711547,yes,False
sample02254,sbj251,no,0.4846785863222441,no,True
sample02255,sbj251,no,0.5152219971745652,yes,False
sample02262,sbj254,yes,0.5767641891031569,yes,True
sample02263,sbj254,yes,0.5297912818595909,yes,True
sample02264,sbj254,yes,0.5405176505070074,yes,True
sample02286,sbj262,no,0.5018776258537716,yes,False
sample02287,sbj262,no,0.3636624408528624,no,True
sample02288,sbj262,no,0.4550524107108624,no,True
sample02289,sbj263,no,0.501714230288657,yes,False
sample02290,sbj263,no,0.5314589298944173,yes,False
sample02291,sbj263,no,0.5254080296963783,yes,False
sample02319,sbj273,no,0.46169426900731414,no,True
sample02320,sbj273,no,0.5288185135961849,yes,False
sample02321,sbj273,no,0.510263675955587,yes,False
sample02334,sbj278,no,0.4945963799954132,no,True
sample02335,sbj278,no,0.5060172885258408,yes,False
sample02336,sbj278,no,0.4367852565726918,no,True
sample02340,sbj280,yes,0.47485095042420156,no,False
sample02341,sbj280,yes,0.5483171144259988,yes,True
sample02342,sbj280,yes,0.5087322042223251,yes,True
sample02355,sbj285,no,0.5366285416514597,yes,False
sample02356,sbj285,no,0.4601016323961084,no,True
sample02357,sbj285,no,0.5188178727611282,yes,False
sample02364,sbj288,no,0.48428869044132944,no,True
sample02365,sbj288,no,0.5423553508365316,yes,False
sample02366,sbj288,no,0.5127185798908331,yes,False
sample02388,sbj296,yes,0.40295713497269997,no,False
sample02389,sbj296,yes,0.4507051904185119,no,False
sample02390,sbj296,yes,0.49314140874743456,no,False
sample02412,sbj304,no,0.5023439009279553,yes,False
sample02413,sbj304,no,0.40041109734335456,no,True
sample02414,sbj304,no,0.47564905927697787,no,True
sample02430,sbj310,no,0.4314514964809391,no,True
sample02431,sbj310,no,0.43544889318583857,no,True
sample02432,sbj310,no,0.4105987195686198,no,True
sample02436,sbj312,no,0.520787616769694,yes,False
sample02437,sbj312,no,0.482031249678867,no,True
sample02438,sbj312,no,0.5074940964552742,yes,False
sample02439,sbj313,yes,0.5071560819922003,yes,True
sample02440,sbj313,yes,0.4788940451355518,no,False
sample02441,sbj313,yes,0.4891969409221188,no,False
sample02454,sbj318,yes,0.49363014329803423,no,False
sample02455,sbj318,yes,0.5558581596505673,yes,True
sample02456,sbj318,yes,0.4570429194908198,no,False
sample02466,sbj322,yes,0.49644224553732746,no,False
sample02467,sbj322,yes,0.4321650328750697,no,False
sample02468,sbj322,yes,0.5321974437927361,yes,True
sample02478,sbj326,no,0.5689746253535019,yes,False
sample02479,sbj326,no,0.45971727016968483,no,True
sample02480,sbj326,no,0.4982169334499799,no,True
sample02481,sbj327,yes,0.5629275686695798,yes,True
sample02482,sbj327,yes,0.4945020674660951,no,False
sample02483,sbj327,yes,0.5269267389337722,yes,True
sample02490,sbj330,yes,0.46422053748251363,no,False
sample02491,sbj330,yes,0.5546421766043674,yes,True
sample02492,sbj330,yes,0.5720415420341529,yes,True
sample02499,sbj333,yes,0.5532422537746216,yes,True
sample02500,sbj333,yes,0.492271180322312,no,False
sample02501,sbj333,yes,0.5324136686603305,yes,True
sample02517,sbj339,yes,0.5828184769853343,yes,True
sample02518,sbj339,yes,0.5183090517613068,yes,True
sample02519,sbj339,yes,0.4838896351334426,no,False
sample02541,sbj347,no,0.5316509136590364,yes,False
sample02542,sbj347,no,0.523701730862097,yes,False
sample02543,sbj347,no,0.46068750634628863,no,True
sample02562,sbj354,yes,0.5443141925484751,yes,True
sample02563,sbj354,yes,0.5436397961039543,yes,True
sample02564,sbj354,yes,0.5541441784012239,yes,True
sample02574,sbj358,yes,0.548299533380044,yes,True
sample02575,sbj358,yes,0.5094386715318723,yes,True
sample02576,sbj358,yes,0.4652841542449625,no,False
sample02583,sbj361,no,0.561916386484778,yes,False
sample02584,sbj361,no,0.539601552184785,yes,False
sample02585,sbj361,no,0.5344596244719261,yes,False
sample02586,sbj362,yes,0.533233767193439,yes,True
sample02587,sbj362,yes,0.5155179846738874,yes,True
sample02588,sbj362,yes,0.5128601395823099,yes,True
sample02589,sbj363,yes,0.4598675425524706,no,False
sample02590,sbj363,yes,0.463041857849375,no,False
sample02591,sbj363,yes,0.5588712773998039,yes,True
sample02592,sbj364,no,0.45845280608304234,no,True
sample02593,sbj364,no,0.4859808516880786,no,True
sample02594,sbj364,no,0.5000074119836774,yes,False
sample02619,sbj373,no,0.4903673286108003,no,True
sample02620,sbj373,no,0.46620170294470553,no,True
sample02621,sbj373,no,0.45841945439668613,no,True
sample02625,sbj375,yes,0.5903111200265808,yes,True
sample02626,sbj375,yes,0.44627612404706674,no,False
sample02627,sbj375,yes,0.47169738894543534,no,False
sample02640,sbj380,yes,0.5593440107252028,yes,True
sample02641,sbj380,yes,0.5562517841547553,yes,True
sample02642,sbj380,yes,0.5456776535600202,yes,True
sample02646,sbj382,no,0.42058705910892763,no,True
sample02647,sbj382,no,0.5438021525473166,yes,False
sample02648,sbj382,no,0.4961364678894846,no,True
sample02655,sbj385,yes,0.5218395179440963,yes,True
sample02656,sbj385,yes,0.5057395035316399,yes,True
sample02657,sbj385,yes,0.46382683482636516,no,False
sample02661,sbj387,no,0.47779653725506416,no,True
sample02662,sbj387,no,0.533152303338079,yes,False
sample02663,sbj387,no,0.525812891226253,yes,False
sample02664,sbj388,no,0.5285938940409827,yes,False
sample02665,sbj388,no,0.49410335085323454,no,True
sample02666,sbj388,no,0.451170385642154,no,True
sample02667,sbj389,no,0.486636490084359,no,True
sample02668,sbj389,no,0.5122701020191486,yes,False
sample02669,sbj389,no,0.47126029850228524,no,True
sample02673,sbj391,yes,0.5118979179906273,yes,True
sample02674,sbj391,yes,0.479023268234176,no,False
sample02675,sbj391,yes,0.46773347889434946,no,False
sample02682,sbj394,no,0.5075014010795175,yes,False
sample02683,sbj394,no,0.5006982001372614,yes,False
sample02684,sbj394,no,0.46155544377461155,no,True
sample02700,sbj400,no,0.5443599944490449,yes,False
sample02701,sbj400,no,0.5186994445277089,yes,False
sample02702,sbj400,no,0.4575043423222707,no,True
sample02706,sbj402,no,0.4986855483544005,no,True
sample02707,sbj402,no,0.5415191170575961,yes,False
sample02708,sbj402,no,0.4939021857358569,no,True
sample02718,sbj406,no,0.4929513241302433,no,True
sample02719,sbj406,no,0.5697512819900481,yes,False
sample02720,sbj406,no,0.5737548834285463,yes,False
sample02736,sbj412,yes,0.4919519523333234,no,False
sample02737,sbj412,yes,0.42457924531944086,no,False
sample02738,sbj412,yes,0.5101707037395935,yes,True
sample02742,sbj414,no,0.5053505722058649,yes,False
sample02743,sbj414,no,0.5995567375301598,yes,False
sample02744,sbj414,no,0.4684855528128124,no,True
sample02754,sbj418,yes,0.5226319174138121,yes,True
sample02755,sbj418,yes,0.47927101147498363,no,False
sample02756,sbj418,yes,0.5421980632224487,yes,True
sample02760,sbj420,yes,0.4736991456815297,no,False
sample02761,sbj420,yes,0.4863146110521032,no,False
sample02762,sbj420,yes,0.568729946589465,yes,True
sample02766,sbj422,yes,0.594642104894273,yes,True
sample02767,sbj422,yes,0.4582797900395019,no,False
sample02768,sbj422,yes,0.3779757314056052,no,False
sample02772,sbj424,yes,0.5484799685700945,yes,True
sample02773,sbj424,yes,0.47160261773299084,no,False
sample02774,sbj424,yes,0.5227888613600623,yes,True
sample02775,sbj425,no,0.48926580250242646,no,True
sample02776,sbj425,no,0.432396079159279,no,True
sample02777,sbj425,no,0.4737030499288882,no,True
sample02781,sbj427,yes,0.5282132562917097,yes,True
sample02782,sbj427,yes,0.5046377995289686,yes,True
sample02783,sbj427,yes,0.4852429046198673,no,False
sample02799,sbj433,no,0.5249759157278941,yes,False
sample02800,sbj433,no,0.49620298227485876,no,True
sample02801,sbj433,no,0.5308365371583679,yes,False
sample02808,sbj436,yes,0.4545942563457963,no,False
sample02809,sbj436,yes,0.4934117578549884,no,False
sample02810,sbj436,yes,0.5375766438963359,yes,True
sample02811,sbj437,no,0.5411798318245686,yes,False
sample02812,sbj437,no,0.572136405804276,yes,False
sample02813,sbj437,no,0.5418301430050736,yes,False
sample02823,sbj441,yes,0.49544386292721004,no,False
sample02824,sbj441,yes,0.5625928779322011,yes,True
sample02825,sbj441,yes,0.5346168677283514,yes,True
sample02829,sbj443,no,0.549797714675402,yes,False
sample02830,sbj443,no,0.4851653154291892,no,True
sample02831,sbj443,no,0.5263498435922173,yes,False
sample02838,sbj446,yes,0.5284121544736405,yes,True
sample02839,sbj446,yes,0.5126485764972205,yes,True
sample02840,sbj446,yes,0.5405741067585198,yes,True
sample02847,sbj449,yes,0.4546121727047302,no,False
sample02848,sbj449,yes,0.4592393508464757,no,False
sample02849,sbj449,yes,0.5305354589451327,yes,True
sample02856,sbj452,yes,0.5559450662901436,yes,True
sample02857,sbj452,yes,0.5524087604790076,yes,True
sample02858,sbj452,yes,0.5459624901591268,yes,True
sample02874,sbj458,yes,0.5212019673119249,yes,True
sample02875,sbj458,yes,0.47118763931329644,no,False
sample02876,sbj458,yes,0.49063389820238806,no,False
sample02886,sbj462,no,0.4913721733471716,no,True
sample02887,sbj462,no,0.45711209676485626,no,True
sample02888,sbj462,no,0.43902678353737185,no,True
sample02889,sbj463,no,0.46437218456566287,no,True
sample02890,sbj463,no,0.47747921809439486,no,True
sample02891,sbj463,no,0.5026510211481716,yes,False
sample02901,sbj467,no,0.43106429695253157,no,True
sample02902,sbj467,no,0.5225584661052018,yes,False
sample02903,sbj467,no,0.530399509162957,yes,False
sample02910,sbj470,yes,0.514521757768657,yes,True
sample02911,sbj470,yes,0.4954436811419623,no,False
sample02912,sbj470,yes,0.5548461416443571,yes,True
sample02916,sbj472,yes,0.518680088136478,yes,True
sample02917,sbj472,yes,0.5312371166735206,yes,True
sample02918,sbj472,yes,0.526883313945241,yes,True
sample02925,sbj475,yes,0.532906781350824,yes,True
sample02926,sbj475,yes,0.5262117002050806,yes,True
sample02927,sbj475,yes,0.5214815316086652,yes,True
sample02928,sbj476,yes,0.5159957677820284,yes,True
sample02929,sbj476,yes,0.5282464731483021,yes,True
sample02930,sbj476,yes,0.5471309943818368,yes,True
sample02961,sbj487,no,0.5192160302494101,yes,False
sample02962,sbj487,no,0.49176452825076095,no,True
sample02963,sbj487,no,0.5113134801047384,yes,False
sample02970,sbj490,no,0.4975079330228354,no,True
sample02971,sbj490,no,0.5126724482723283,yes,False
sample02972,sbj490,no,0.5523085238035157,yes,False
sample02976,sbj492,yes,0.5638590482119148,yes,True
sample02977,sbj492,yes,0.42771465672786285,no,False
sample02978,sbj492,yes,0.5424428699911163,yes,True
sample02991,sbj497,yes,0.4784826254454158,no,False
sample02992,sbj497,yes,0.5493515090479132,yes,True
sample02993,sbj497,yes,0.5386117225803647,yes,True
sample02997,sbj499,yes,0.45704282372630406,no,False
sample02998,sbj499,yes,0.4893561405986749,no,False
sample02999,sbj499,yes,0.48724334317770784,no,False
sample03000,sbj500,yes,0.4849589938755496,no,False
sample03001,sbj500,yes,0.5836515502170877,yes,True
sample03002,sbj500,yes,0.5153089680894023,yes,True
sample03006,sbj502,no,0.5238427860163204,yes,False
sample03007,sbj502,no,0.44838147576673315,no,True
sample03008,sbj502,no,0.5413534195461406,yes,False
sample03021,sbj507,yes,0.5408025553973487,yes,True
sample03022,sbj507,yes,0.4696383841640217,no,False
sample03023,sbj507,yes,0.47021266456493316,no,False
sample03024,sbj508,yes,0.46162775508830717,no,False
sample03025,sbj508,yes,0.556207288825615,yes,True
sample03026,sbj508,yes,0.55425253062226,yes,True
sample03030,sbj510,no,0.5271327364278773,yes,False
sample03031,sbj510,no,0.4628349764813666,no,True
sample03032,sbj510,no,0.54830761242929,yes,False
sample03039,sbj513,yes,0.6287075487614093,yes,True
sample03040,sbj513,yes,0.5369288100519085,yes,True
sample03041,sbj513,yes,0.48431595611644385,no,False
sample03051,sbj517,no,0.46317796995202914,no,True
sample03052,sbj517,no,0.48516731275209335,no,True
sample03053,sbj517,no,0.4453817375011418,no,True
sample03066,sbj522,yes,0.5435456898300701,yes,True
sample03067,sbj522,yes,0.5713491133315426,yes,True
sample03068,sbj522,yes,0.510137515017029,yes,True
sample03093,sbj531,yes,0.491509252612417,no,False
sample03094,sbj531,yes,0.5183544098399386,yes,True
sample03095,sbj531,yes,0.5393150655133534,yes,True
sample03096,sbj532,no,0.4811347413216794,no,True
sample03097,sbj532,no,0.5282575531121164,yes,False
sample03098,sbj532,no,0.5253828870135152,yes,False
sample03108,sbj536,no,0.5324925822446493,yes,False
sample03109,sbj536,no,0.5197875701713852,yes,False
sample03110,sbj536,no,0.49200892590613404,no,True
sample03120,sbj540,yes,0.4890445030239215,no,False
sample03121,sbj540,yes,0.5141821717425584,yes,True
sample03122,sbj540,yes,0.5211254288450705,yes,True
sample03132,sbj544,no,0.43510739830600226,no,True
sample03133,sbj544,no,0.4958912181733887,no,True
sample03134,sbj544,no,0.47537902222890555,no,True
sample03159,sbj553,yes,0.6272586957998523,yes,True
sample03160,sbj553,yes,0.4832212751338347,no,False
sample03161,sbj553,yes,0.5341870587084827,yes,True
sample03183,sbj561,yes,0.5338130430855411,yes,True
sample03184,sbj561,yes,0.4746145420706614,no,False
sample03185,sbj561,yes,0.4626649850750668,no,False
sample03186,sbj562,no,0.5737844942903932,yes,False
sample03187,sbj562,no,0.5680455028462439,yes,False
sample03188,sbj562,no,0.4416879249826036,no,True
sample03195,sbj565,yes,0.5155897476241594,yes,True
sample03196,sbj565,yes,0.4713252378129853,no,False
sample03197,sbj565,yes,0.4876716126043422,no,False
sample03198,sbj566,no,0.4771775563173609,no,True
sample03199,sbj566,no,0.48190061094495734,no,True
sample03200,sbj566,no,0.4834796855796327,no,True
sample03213,sbj571,no,0.5270791455595023,yes,False
sample03214,sbj571,no,0.5254307753004932,yes,False
sample03215,sbj571,no,0.48826980195438185,no,True
sample03246,sbj582,yes,0.5457144762547861,yes,True
sample03247,sbj582,yes,0.4723852906899469,no,False
sample03248,sbj582,yes,0.5341571855549831,yes,True
sample03252,sbj584,no,0.5379181203857063,yes,False
sample03253,sbj584,no,0.5238848369391161,yes,False
sample03254,sbj584,no,0.5130832860748723,yes,False
sample03258,sbj586,no,0.485682547147808,no,True
sample03259,sbj586,no,0.515328735536404,yes,False
sample03260,sbj586,no,0.4389044689445324,no,True
sample03264,sbj588,yes,0.4690183525008302,no,False
sample03265,sbj588,yes,0.5269180807668037,yes,True
sample03266,sbj588,yes,0.5054095949547744,yes,True
sample03267,sbj589,yes,0.4768877777162821,no,False
sample03268,sbj589,yes,0.5104145235594147,yes,True
sample03269,sbj589,yes,0.5293834346201163,yes,True
sample03273,sbj591,yes,0.5359131545117575,yes,True
sample03274,sbj591,yes,0.5699480567197657,yes,True
sample03275,sbj591,yes,0.4483369166230527,no,False
sample03285,sbj595,yes,0.49547001859350565,no,False
sample03286,sbj595,yes,0.5017635894792997,yes,True
sample03287,sbj595,yes,0.4340844249065462,no,False
sample03297,sbj599,yes,0.5323146457992032,yes,True
sample03298,sbj599,yes,0.5404237872890819,yes,True
sample03299,sbj599,yes,0.4805555500359504,no,False
sample03303,sbj601,yes,0.49864966698176677,no,False
sample03304,sbj601,yes,0.5214744478936713,yes,True
sample03305,sbj601,yes,0.43369580936328184,no,False
sample03318,sbj606,no,0.4591668796747893,no,True
sample03319,sbj606,no,0.47974128872956445,no,True
sample03320,sbj606,no,0.5429950876517005,yes,False
sample03321,sbj607,no,0.5460325046852947,yes,False
sample03322,sbj607,no,0.5567524691144624,yes,False
sample03323,sbj607,no,0.5265046678159144,yes,False
sample03333,sbj611,no,0.5500154407744893,yes,False
sample03334,sbj611,no,0.5182110372435229,yes,False
sample03335,sbj611,no,0.5404899059173544,yes,False
sample03363,sbj621,no,0.46147339083388933,no,True
sample03364,sbj621,no,0.5629398617888696,yes,False
sample03365,sbj621,no,0.5416084597511965,yes,False
sample03375,sbj625,yes,0.45122483479195946,no,False
sample03376,sbj625,yes,0.49547461876920235,no,False
sample03377,sbj625,yes,0.47377056886629876,no,False
sample03381,sbj627,yes,0.4875701815598843,no,False
sample03382,sbj627,yes,0.43761582556752665,no,False
sample03383,sbj627,yes,0.5595793297540448,yes,True
sample03384,sbj628,no,0.4993033884014822,no,True
sample03385,sbj628,no,0.4929029343709769,no,True
sample03386,sbj628,no,0.4827900534227724,no,True
sample03390,sbj630,no,0.4836041885259502,no,True
sample03391,sbj630,no,0.5248462087743324,yes,False
sample03392,sbj630,no,0.4739012653915565,no,True
sample03402,sbj634,no,0.602028387981221,yes,False
sample03403,sbj634,no,0.5874821099246818,yes,False
sample03404,sbj634,no,0.49027119168882916,no,True
sample03405,sbj635,yes,0.4980717146046479,no,False
sample03406,sbj635,yes,0.4619845245653539,no,False
sample03407,sbj635,yes,0.5246638864045557,yes,True
sample03414,sbj638,no,0.505690384859859,yes,False
sample03415,sbj638,no,0.5105265556166919,yes,False
sample03416,sbj638,no,0.5423950365391477,yes,False
sample03420,sbj640,no,0.5703167972573212,yes,False
sample03421,sbj640,no,0.534884774788315,yes,False
sample03422,sbj640,no,0.4766547519041583,no,True
sample03432,sbj644,no,0.5169635560025277,yes,False
sample03433,sbj644,no,0.5504705372925095,yes,False
sample03434,sbj644,no,0.5372587822110887,yes,False
sample03453,sbj651,yes,0.3664459010839,no,False
sample03454,sbj651,yes,0.5722927857513814,yes,True
sample03455,sbj651,yes,0.46863385514608574,no,False
sample03465,sbj655,yes,0.5078371561317361,yes,True
sample03466,sbj655,yes,0.5485708482160447,yes,True
sample03467,sbj655,yes,0.5547424737449449,yes,True
sample03474,sbj658,no,0.48703728801536994,no,True
sample03475,sbj658,no,0.4572951975521055,no,True
sample03476,sbj658,no,0.5039217317590441,yes,False
sample03486,sbj662,yes,0.49597782937240864,no,False
sample03487,sbj662,yes,0.5157445991515043,yes,True
sample03488,sbj662,yes,0.5631239813857714,yes,True
sample03489,sbj663,no,0.5386606852711947,yes,False
sample03490,sbj663,no,0.4534534595850369,no,True
sample03491,sbj663,no,0.516578070969081,yes,False
sample03492,sbj664,yes,0.545426069515573,yes,True
sample03493,sbj664,yes,0.4375021493895547,no,False
sample03494,sbj664,yes,0.5015509482181872,yes,True
sample03531,sbj677,yes,0.5119726226505972,yes,True
sample03532,sbj677,yes,0.4522438364141598,no,False
sample03533,sbj677,yes,0.5189302235928831,yes,True
sample03552,sbj684,no,0.5315420541844774,yes,False
sample03553,sbj684,no,0.4796171321084607,no,True
sample03554,sbj684,no,0.5200593865083687,yes,False
sample03576,sbj692,yes,0.4799865118614147,no,False
sample03577,sbj692,yes,0.5648488781894563,yes,True
sample03578,sbj692,yes,0.5033756299209323,yes,True
sample03579,sbj693,no,0.5496374473194992,yes,False
sample03580,sbj693,no,0.5088529654172251,yes,False
sample03581,sbj693,no,0.4431253372329397,no,True
sample03588,sbj696,yes,0.4856365268976851,no,False
sample03589,sbj696,yes,0.43340747731293433,no,False
sample03590,sbj696,yes,0.4573433534187088,no,False
sample03591,sbj697,yes,0.4910648634747094,no,False
sample03592,sbj697,yes,0.5373034765964625,yes,True
sample03593,sbj697,yes,0.5140038440394238,yes,True
sample03615,sbj705,no,0.5845354723748856,yes,False
sample03616,sbj705,no,0.4794837138899945,no,True
sample03617,sbj705,no,0.5022358641544943,yes,False
sample03621,sbj707,yes,0.49038151059378204,no,False
sample03622,sbj707,yes,0.4907406719235579,no,False
sample03623,sbj707,yes,0.5191737777080623,yes,True
sample03624,sbj708,yes,0.55867393506267,yes,True
sample03625,sbj708,yes,0.5337408864543429,yes,True
sample03626,sbj708,yes,0.485694943745732,no,False
sample03633,sbj711,no,0.44919327790669217,no,True
sample03634,sbj711,no,0.48263200997575867,no,True
sample03635,sbj711,no,0.5325906371371948,yes,False
sample03666,sbj722,no,0.5009623353955782,yes,False
sample03667,sbj722,no,0.46404784442813274,no,True
sample03668,sbj722,no,0.5353114144301047,yes,False
sample03681,sbj727,no,0.47562752976177036,no,True
sample03682,sbj727,no,0.490296858988865,no,True
sample03683,sbj727,no,0.4683739729307433,no,True
sample03684,sbj728,no,0.5102745483450044,yes,False
sample03685,sbj728,no,0.48862336242825116,no,True
sample03686,sbj728,no,0.4956464401575281,no,True
sample03699,sbj733,no,0.5521086364200835,yes,False
sample03700,sbj733,no,0.42967601388722115,no,True
sample03701,sbj733,no,0.5366616241971964,yes,False
sample03717,sbj739,no,0.5328967281646847,yes,False
sample03718,sbj739,no,0.49131189507059075,no,True
sample03719,sbj739,no,0.5327642256738625,yes,False
sample03720,sbj740,no,0.4737326244369063,no,True
sample03721,sbj740,no,0.5089836306867562,yes,False
sample03722,sbj740,no,0.49739507905877073,no,True
sample03738,sbj746,no,0.5045722828171135,yes,False
sample03739,sbj746,no,0.5165959099553473,yes,False
sample03740,sbj746,no,0.5425059187678898,yes,False
sample03747,sbj749,yes,0.4596814454994588,no,False
sample03748,sbj749,yes,0.5145716226815411,yes,True
sample03749,sbj749,yes,0.5024909480718674,yes,True
sample03765,sbj755,yes,0.4705913511469873,no,False
sample03766,sbj755,yes,0.4854460332530775,no,False
sample03767,sbj755,yes,0.5236152006362914,yes,True
sample03768,sbj756,no,0.5125494565072777,yes,False
sample03769,sbj756,no,0.5675877944188324,yes,False
sample03770,sbj756,no,0.54156377800793,yes,False
sample03774,sbj758,no,0.477368154652625,no,True
sample03775,sbj758,no,0.47286103865120516,no,True
sample03776,sbj758,no,0.5346755783351017,yes,False
sample03789,sbj763,yes,0.4394833457412346,no,False
sample03790,sbj763,yes,0.4725926244039541,no,False
sample03791,sbj763,yes,0.4707704664908824,no,False
sample03804,sbj768,yes,0.45154596165936867,no,False
sample03805,sbj768,yes,0.49064844022865783,no,False
sample03806,sbj768,yes,0.5506637614099503,yes,True
sample03816,sbj772,no,0.4156121370553805,no,True
sample03817,sbj772,no,0.44797446761940546,no,True
sample03818,sbj772,no,0.5454385182248596,yes,False
sample03819,sbj773,yes,0.5621614926609121,yes,True
sample03820,sbj773,yes,0.4553272130514976,no,False
sample03821,sbj773,yes,0.4612167369841078,no,False
sample03846,sbj782,yes,0.5232055027222396,yes,True
sample03847,sbj782,yes,0.4868395030078293,no,False
sample03848,sbj782,yes,0.5128895395493905,yes,True
sample03852,sbj784,yes,0.4773868045725401,no,False
sample03853,sbj784,yes,0.41703532389379666,no,False
sample03854,sbj784,yes,0.4593080772839226,no,False
sample03861,sbj787,yes,0.5477022496179089,yes,True
sample03862,sbj787,yes,0.5024668267564868,yes,True
sample03863,sbj787,yes,0.5415537943027072,yes,True
sample03885,sbj795,yes,0.4480497609351589,no,False
sample03886,sbj795,yes,0.46204433258687944,no,False
sample03887,sbj795,yes,0.5502104094310138,yes,True
sample03891,sbj797,no,0.5355476380424652,yes,False
sample03892,sbj797,no,0.5389248097356771,yes,False
sample03893,sbj797,no,0.48807237465223985,no,True
sample03936,sbj812,yes,0.4881164626271987,no,False
sample03937,sbj812,yes,0.48033834110423484,no,False
sample03938,sbj812,yes,0.5617188443468971,yes,True
sample03939,sbj813,no,0.5260084163937409,yes,False
sample03940,sbj813,no,0.4842577786018685,no,True
sample03941,sbj813,no,0.49410113196531874,no,True
sample03942,sbj814,yes,0.4694148925050405,no,False
sample03943,sbj814,yes,0.5173611201186663,yes,True
sample03944,sbj814,yes,0.45382246786296004,no,False
sample03951,sbj817,yes,0.4938274648801379,no,False
sample03952,sbj817,yes,0.49911088630329775,no,False
sample03953,sbj817,yes,0.5167217649024479,yes,True
sample03963,sbj821,yes,0.5235859381620714,yes,True
sample03964,sbj821,yes,0.5187365565070041,yes,True
sample03965,sbj821,yes,0.466424644283961,no,False
sample03972,sbj824,no,0.5241716333195551,yes,False
sample03973,sbj824,no,0.4758995883927266,no,True
sample03974,sbj824,no,0.6030926916393126,yes,False
sample03981,sbj827,yes,0.48759368767365263,no,False
sample03982,sbj827,yes,0.49385980243838545,no,False
sample03983,sbj827,yes,0.5430037035046544,yes,True
sample04014,sbj838,yes,0.5070546003911728,yes,True
sample04015,sbj838,yes,0.46980018267357276,no,False
sample04016,sbj838,yes,0.44517305305828125,no,False
sample04035,sbj845,yes,0.4590311684037528,no,False
sample04036,sbj845,yes,0.5025070583184122,yes,True
sample04037,sbj845,yes,0.5104563379518139,yes,True
sample04047,sbj849,yes,0.46242109674469895,no,False
sample04048,sbj849,yes,0.5738258890974784,yes,True
sample04049,sbj849,yes,0.5229226497397133,yes,True
sample04062,sbj854,no,0.5124043500556447,yes,False
sample04063,sbj854,no,0.48564388836268196,no,True
sample04064,sbj854,no,0.5333128557020355,yes,False
sample04068,sbj856,yes,0.4874478205756713,no,False
sample04069,sbj856,yes,0.5380824568606556,yes,True
sample04070,sbj856,yes,0.5166586821650181,yes,True
sample04074,sbj858,no,0.47001568916613823,no,True
sample04075,sbj858,no,0.5177033848745656,yes,False
sample04076,sbj858,no,0.43726474058583453,no,True
sample04095,sbj865,no,0.5141630061514731,yes,False
sample04096,sbj865,no,0.48908150984370413,no,True
sample04097,sbj865,no,0.4655247392444028,no,True
sample04128,sbj876,yes,0.4402269396345158,no,False
sample04129,sbj876,yes,0.5805036976852654,yes,True
sample04130,sbj876,yes,0.4758741784406979,no,False
sample04134,sbj878,no,0.5150870226367186,yes,False
sample04135,sbj878,no,0.5233882922923008,yes,False
sample04136,sbj878,no,0.4583271299853208,no,True
sample04143,sbj881,no,0.4946471381738669,no,True
sample04144,sbj881,no,0.5047262279615352,yes,False
sample04145,sbj881,no,0.45133704917643547,no,True
sample04155,sbj885,yes,0.48014696131417484,no,False
sample04156,sbj885,yes,0.49348930565661264,no,False
sample04157,sbj885,yes,0.49459019100066426,no,False
sample04170,sbj890,yes,0.498729800153244,no,False
sample04171,sbj890,yes,0.5445269278264946,yes,True
sample04172,sbj890,yes,0.4788092364326446,no,False
sample04173,sbj891,yes,0.5079837429165017,yes,True
sample04174,sbj891,yes,0.47380597592592844,no,False
sample04175,sbj891,yes,0.5346160415435814,yes,True
sample04182,sbj894,no,0.5259036053428516,yes,False
sample04183,sbj894,no,0.46716803217493597,no,True
sample04184,sbj894,no,0.539388936815461,yes,False
sample04188,sbj896,yes,0.4772168474838849,no,False
sample04189,sbj896,yes,0.5561944691866286,yes,True
sample04190,sbj896,yes,0.4955556554611415,no,False
sample04191,sbj897,no,0.5473131084020147,yes,False
sample04192,sbj897,no,0.4471519139984323,no,True
sample04193,sbj897,no,0.49769209418907,no,True
sample04200,sbj900,no,0.562964581041794,yes,False
sample04201,sbj900,no,0.5593243641792829,yes,False
sample04202,sbj900,no,0.5041520662628035,yes,False
sample04203,sbj901,yes,0.4417692679966595,no,False
sample04204,sbj901,yes,0.5362695927926368,yes,True
sample04205,sbj901,yes,0.4727721254415673,no,False
sample04206,sbj902,no,0.49136078972629704,no,True
sample04207,sbj902,no,0.4654413503996475,no,True
sample04208,sbj902,no,0.5107221092183601,yes,False
sample04209,sbj903,no,0.4029446903313918,no,True
sample04210,sbj903,no,0.5180900446854032,yes,False
sample04211,sbj903,no,0.4286856457891284,no,True
sample04224,sbj908,yes,0.5082231407961919,yes,True
sample04225,sbj908,yes,0.5027943952121813,yes,True
sample04226,sbj908,yes,0.46463088542110564,no,False
sample04266,sbj922,yes,0.46370928979696835,no,False
sample04267,sbj922,yes,0.47204811911441363,no,False
sample04268,sbj922,yes,0.48993320173606186,no,False
sample04278,sbj926,no,0.5324515720501213,yes,False
sample04279,sbj926,no,0.4782475519833164,no,True
sample04280,sbj926,no,0.4950377170452368,no,True
sample04284,sbj928,yes,0.4202153507925218,no,False
sample04285,sbj928,yes,0.4956269851537126,no,False
sample04286,sbj928,yes,0.45102840416725404,no,False
sample04293,sbj931,yes,0.38535586580983006,no,False
sample04294,sbj931,yes,0.554314568332051,yes,True
sample04295,sbj931,yes,0.43969140850034955,no,False
sample04296,sbj932,yes,0.4307789146640684,no,False
sample04297,sbj932,yes,0.5022056872730322,yes,True
sample04298,sbj932,yes,0.5184530157700801,yes,True
sample04302,sbj934,yes,0.5602365457987396,yes,True
sample04303,sbj934,yes,0.5200991814055727,yes,True
sample04304,sbj934,yes,0.5654930777281365,yes,True
sample04308,sbj936,no,0.4393707066688521,no,True
sample04309,sbj936,no,0.4036972518162049,no,True
sample04310,sbj936,no,0.5157455836817749,yes,False
sample04338,sbj946,no,0.4927236842762438,no,True
sample04339,sbj946,no,0.42134819310625277,no,True
sample04340,sbj946,no,0.5031445493001067,yes,False
sample04347,sbj949,yes,0.5039518577309104,yes,True
sample04348,sbj949,yes,0.5050033718646376,yes,True
sample04349,sbj949,yes,0.49819000576491235,no,False
sample04368,sbj956,yes,0.47759598067608705,no,False
sample04369,sbj956,yes,0.49697807821888196,no,False
sample04370,sbj956,yes,0.5730782061562608,yes,True
sample04377,sbj959,yes,0.46560267536301875,no,False
sample04378,sbj959,yes,0.48910590412609756,no,False
sample04379,sbj959,yes,0.521005295988588,yes,True
sample04419,sbj973,no,0.44842421710111413,no,True
sample04420,sbj973,no,0.46035750256931945,no,True
sample04421,sbj973,no,0.5433064084196964,yes,False
sample04428,sbj976,no,0.5026111953601436,yes,False
sample04429,sbj976,no,0.5378266699353506,yes,False
sample04430,sbj976,no,0.5186695542694799,yes,False
sample04434,sbj978,yes,0.6136851837958508,yes,True
sample04435,sbj978,yes,0.5763664775366931,yes,True
sample04436,sbj978,yes,0.46951096601245634,no,False
sample04449,sbj983,no,0.4980147569920657,no,True
sample04450,sbj983,no,0.5425989119943824,yes,False
sample04451,sbj983,no,0.47832580169889144,no,True
sample04461,sbj987,yes,0.42434934453841866,no,False
sample04462,sbj987,yes,0.5326804308016876,yes,True
sample04463,sbj987,yes,0.5085684505284055,yes,True
sample04491,sbj997,yes,0.5014243736262505,yes,True
sample04492,sbj997,yes,0.45889233716644523,no,False
sample04493,sbj997,yes,0.5202719796905443,yes,True
sample07503,sbj2501,no,0.5039469671242823,yes,False
sample07504,sbj2501,no,0.49487595990391314,no,True
sample07505,sbj2501,no,0.6032465037954633,yes,False
sample07506,sbj2502,yes,0.5822401784894848,yes,True
sample07507,sbj2502,yes,0.33975415629034494,no,False
sample07508,sbj2502,yes,0.5231862089771994,yes,True
sample07515,sbj2505,no,0.48370816013456813,no,True
sample07516,sbj2505,no,0.4676079760680271,no,True
sample07517,sbj2505,no,0.4636892435998864,no,True
sample07527,sbj2509,yes,0.508239716421444,yes,True
sample07528,sbj2509,yes,0.5660643885772882,yes,True
sample07529,sbj2509,yes,0.47267812696115064,no,False
sample07542,sbj2514,no,0.5203885299166428,yes,False
sample07543,sbj2514,no,0.4407122498474384,no,True
sample07544,sbj2514,no,0.5874365184643174,yes,False
sample07551,sbj2517,yes,0.496777875511729,no,False
sample07552,sbj2517,yes,0.5348708730070446,yes,True
sample07553,sbj2517,yes,0.46464305848914556,no,False
sample07560,sbj2520,yes,0.49685836709401204,no,False
sample07561,sbj2520,yes,0.4561471906034419,no,False
sample07562,sbj2520,yes,0.5082382566390558,yes,True
sample07575,sbj2525,yes,0.518185879559791,yes,True
sample07576,sbj2525,yes,0.45578163185525794,no,False
sample07577,sbj2525,yes,0.4912512883895354,no,False
sample07587,sbj2529,yes,0.5560929749251926,yes,True
sample07588,sbj2529,yes,0.5768475426425562,yes,True
sample07589,sbj2529,yes,0.48905279521003303,no,False
sample07593,sbj2531,yes,0.443759158719708,no,False
sample07594,sbj2531,yes,0.5141317876867633,yes,True
sample07595,sbj2531,yes,0.47032953560112895,no,False
sample07614,sbj2538,yes,0.522859793125602,yes,True
sample07615,sbj2538,yes,0.4632634426815495,no,False
sample07616,sbj2538,yes,0.538267806998317,yes,True
sample07620,sbj2540,no,0.4880662773017925,no,True
sample07621,sbj2540,no,0.4747146684858139,no,True
sample07622,sbj2540,no,0.4805619283091718,no,True
sample07632,sbj2544,no,0.49654313550246215,no,True
sample07633,sbj2544,no,0.5042824010546535,yes,False
sample07634,sbj2544,no,0.5103713464960142,yes,False
sample07644,sbj2548,no,0.4815242371982341,no,True
sample07645,sbj2548,no,0.47675270770507067,no,True
sample07646,sbj2548,no,0.4876512916855283,no,True
sample07647,sbj2549,yes,0.5385080224223836,yes,True
sample07648,sbj2549,yes,0.5222395848194683,yes,True
sample07649,sbj2549,yes,0.4023800129231519,no,False
sample07653,sbj2551,no,0.48697697978865795,no,True
sample07654,sbj2551,no,0.5741245128547869,yes,False
sample07655,sbj2551,no,0.5298184624071957,yes,False
sample07665,sbj2555,yes,0.5193304979436074,yes,True
sample07666,sbj2555,yes,0.5269307395835491,yes,True
sample07667,sbj2555,yes,0.4767294190222,no,False
sample07674,sbj2558,no,0.5361882112288914,yes,False
sample07675,sbj2558,no,0.5721716186433057,yes,False
sample07676,sbj2558,no,0.4422743710705974,no,True
sample07698,sbj2566,no,0.5112785951793571,yes,False
sample07699,sbj2566,no,0.4803100791021853,no,True
sample07700,sbj2566,no,0.4506800900471219,no,True
sample07710,sbj2570,no,0.41790175820452197,no,True
sample07711,sbj2570,no,0.5360888157584295,yes,False
sample07712,sbj2570,no,0.5457111949186375,yes,False
sample07722,sbj2574,no,0.5375322719723201,yes,False
sample07723,sbj2574,no,0.4346738870096106,no,True
sample07724,sbj2574,no,0.48989942014233173,no,True
sample07725,sbj2575,yes,0.624451633775257,yes,True
sample07726,sbj2575,yes,0.49629868627618756,no,False
sample07727,sbj2575,yes,0.48048849014308254,no,False
sample07734,sbj2578,no,0.5112270666880095,yes,False
sample07735,sbj2578,no,0.48509836285169705,no,True
sample07736,sbj2578,no,0.4481974396493779,no,True
sample07746,sbj2582,no,0.5237598196019391,yes,False
sample07747,sbj2582,no,0.43462333974880885,no,True
sample07748,sbj2582,no,0.49635355619355587,no,True
sample07761,sbj2587,yes,0.5087495745862591,yes,True
sample07762,sbj2587,yes,0.5181390173129455,yes,True
sample07763,sbj2587,yes,0.5412804194482191,yes,True
sample07800,sbj2600,yes,0.5060506659094635,yes,True
sample07801,sbj2600,yes,0.45987622772233877,no,False
sample07802,sbj2600,yes,0.4763169747618683,no,False
sample07809,sbj2603,no,0.49124152533408055,no,True
sample07810,sbj2603,no,0.4775114912807159,no,True
sample07811,sbj2603,no,0.5557263251233581,yes,False
sample07815,sbj2605,no,0.49115523244497045,no,True
sample07816,sbj2605,no,0.49019937152502074,no,True
sample07817,sbj2605,no,0.5042743597742221,yes,False
sample07818,sbj2606,no,0.5067035220723217,yes,False
sample07819,sbj2606,no,0.4914934544736458,no,True
sample07820,sbj2606,no,0.49807942031603675,no,True
sample07821,sbj2607,yes,0.48798162314687066,no,False
sample07822,sbj2607,yes,0.5235821092303553,yes,True
sample07823,sbj2607,yes,0.49182909504071615,no,False
sample07824,sbj2608,yes,0.47842886253544364,no,False
sample07825,sbj2608,yes,0.4278489150815244,no,False
sample07826,sbj2608,yes,0.5378762484570606,yes,True
sample07827,sbj2609,yes,0.48510941147242015,no,False
sample07828,sbj2609,yes,0.4914512243655449,no,False
sample07829,sbj2609,yes,0.4358672134731655,no,False
sample07833,sbj2611,no,0.5157877126415434,yes,False
sample07834,sbj2611,no,0.4784397394876473,no,True
sample07835,sbj2611,no,0.5486446778776247,yes,False
sample07836,sbj2612,yes,0.5423944642702407,yes,True
sample07837,sbj2612,yes,0.48494998678103657,no,False
sample07838,sbj2612,yes,0.5377233165348378,yes,True
sample07872,sbj2624,no,0.5401640153509595,yes,False
sample07873,sbj2624,no,0.5157259965835026,yes,False
sample07874,sbj2624,no,0.546912520331007,yes,False
sample07899,sbj2633,no,0.542193282264246,yes,False
sample07900,sbj2633,no,0.5131475490231342,yes,False
sample07901,sbj2633,no,0.4501864791992353,no,True
sample07905,sbj2635,yes,0.5122516843546197,yes,True
sample07906,sbj2635,yes,0.4582454071189029,no,False
sample07907,sbj2635,yes,0.5439030185840131,yes,True
sample07926,sbj2642,no,0.4309146962402369,no,True
sample07927,sbj2642,no,0.5758027682229734,yes,False
sample07928,sbj2642,no,0.5415706221775788,yes,False
sample07929,sbj2643,no,0.49820016049258387,no,True
sample07930,sbj2643,no,0.5124534152750309,yes,False
sample07931,sbj2643,no,0.4820113283403883,no,True
sample07932,sbj2644,no,0.46484509448955785,no,True
sample07933,sbj2644,no,0.4471268497348826,no,True
sample07934,sbj2644,no,0.39996202005843223,no,True
sample07941,sbj2647,no,0.5461969042372558,yes,False
sample07942,sbj2647,no,0.4599693435943641,no,True
sample07943,sbj2647,no,0.5109185994871268,yes,False
sample07959,sbj2653,no,0.5163830220049506,yes,False
sample07960,sbj2653,no,0.4838283872632875,no,True
sample07961,sbj2653,no,0.510978486054719,yes,False
sample07968,sbj2656,yes,0.5226856904494813,yes,True
sample07969,sbj2656,yes,0.5178034391733628,yes,True
sample07970,sbj2656,yes,0.49706733116807866,no,False
sample08004,sbj2668,no,0.51111684332558,yes,False
sample08005,sbj2668,no,0.4870166255190745,no,True
sample08006,sbj2668,no,0.5272025574651841,yes,False
sample08013,sbj2671,no,0.4931613177771697,no,True
sample08014,sbj2671,no,0.48550812336690824,no,True
sample08015,sbj2671,no,0.47480099410594356,no,True
sample08028,sbj2676,no,0.5022239450274024,yes,False
sample08029,sbj2676,no,0.486009096374218,no,True
sample08030,sbj2676,no,0.467243123073354,no,True
sample08040,sbj2680,yes,0.5036912773246675,yes,True
sample08041,sbj2680,yes,0.5454358448587712,yes,True
sample08042,sbj2680,yes,0.4949326083043627,no,False
sample08049,sbj2683,no,0.5602878371923462,yes,False
sample08050,sbj2683,no,0.5670718580881153,yes,False
sample08051,sbj2683,no,0.5017746322573917,yes,False
sample08055,sbj2685,yes,0.576626647995323,yes,True
sample08056,sbj2685,yes,0.5420063657126613,yes,True
sample08057,sbj2685,yes,0.44929443052878343,no,False
sample08064,sbj2688,no,0.5143466249760869,yes,False
sample08065,sbj2688,no,0.5444640221226651,yes,False
sample08066,sbj2688,no,0.545909194156,yes,False
sample08076,sbj2692,no,0.43820368632297874,no,True
sample08077,sbj2692,no,0.518700452236468,yes,False
sample08078,sbj2692,no,0.4711997895584323,no,True
sample08085,sbj2695,yes,0.4510002039483914,no,False
sample08086,sbj2695,yes,0.5192073555150744,yes,True
sample08087,sbj2695,yes,0.4341817602495388,no,False
sample08118,sbj2706,no,0.5134146363456648,yes,False
sample08119,sbj2706,no,0.5133546490793661,yes,False
sample08120,sbj2706,no,0.5374517907515776,yes,False
sample08121,sbj2707,yes,0.5779818781870746,yes,True
sample08122,sbj2707,yes,0.5037353171713683,yes,True
sample08123,sbj2707,yes,0.5250565090504042,yes,True
sample08127,sbj2709,yes,0.5303789103828801,yes,True
sample08128,sbj2709,yes,0.4393944663470569,no,False
sample08129,sbj2709,yes,0.5002609109149674,yes,True
sample08133,sbj2711,no,0.5039535778048768,yes,False
sample08134,sbj2711,no,0.4430651805042006,no,True
sample08135,sbj2711,no,0.5042631036239849,yes,False
sample08142,sbj2714,no,0.4924780242629784,no,True
sample08143,sbj2714,no,0.4422132463981182,no,True
sample08144,sbj2714,no,0.5003751092794206,yes,False
sample08151,sbj2717,yes,0.5081409603137372,yes,True
sample08152,sbj2717,yes,0.4355514744383538,no,False
sample08153,sbj2717,yes,0.5687557372201911,yes,True
sample08160,sbj2720,no,0.4945008151015183,no,True
sample08161,sbj2720,no,0.5468641074098386,yes,False
sample08162,sbj2720,no,0.524999898341062,yes,False
sample08166,sbj2722,yes,0.47971274342607584,no,False
sample08167,sbj2722,yes,0.5029470480928325,yes,True
sample08168,sbj2722,yes,0.5356777397640227,yes,True
sample08178,sbj2726,yes,0.5185035008931725,yes,True
sample08179,sbj2726,yes,0.4670506576846225,no,False
sample08180,sbj2726,yes,0.5092395542366025,yes,True
sample08184,sbj2728,no,0.5016800281465091,yes,False
sample08185,sbj2728,no,0.46694010956090526,no,True
sample08186,sbj2728,no,0.4338490958146436,no,True
sample08199,sbj2733,yes,0.4819937851256655,no,False
sample08200,sbj2733,yes,0.48832497091741556,no,False
sample08201,sbj2733,yes,0.4732811846910155,no,False
sample08214,sbj2738,no,0.4900013323334299,no,True
sample08215,sbj2738,no,0.48747553722082637,no,True
sample08216,sbj2738,no,0.6214439930166973,yes,False
sample08247,sbj2749,yes,0.4850163162903606,no,False
sample08248,sbj2749,yes,0.5384239270707686,yes,True
sample08249,sbj2749,yes,0.502146888661248,yes,True
sample08274,sbj2758,yes,0.5239529741609704,yes,True
sample08275,sbj2758,yes,0.49280149052951694,no,False
sample08276,sbj2758,yes,0.4911725506315762,no,False
sample08277,sbj2759,no,0.5026059531675504,yes,False
sample08278,sbj2759,no,0.533416607859308,yes,False
sample08279,sbj2759,no,0.484232449965255,no,True
sample08289,sbj2763,yes,0.5023692513464243,yes,True
sample08290,sbj2763,yes,0.5055643225686537,yes,True
sample08291,sbj2763,yes,0.4393506505772845,no,False
sample08298,sbj2766,yes,0.520722895734504,yes,True
sample08299,sbj2766,yes,0.4790812804790791,no,False
sample08300,sbj2766,yes,0.5009665537468362,yes,True
sample08304,sbj2768,no,0.5189686689532819,yes,False
sample08305,sbj2768,no,0.40430081533628537,no,True
sample08306,sbj2768,no,0.48711798892637354,no,True
sample08313,sbj2771,no,0.4873394512177009,no,True
sample08314,sbj2771,no,0.503080807821169,yes,False
sample08315,sbj2771,no,0.5058716508311755,yes,False
sample08325,sbj2775,no,0.4452687717935192,no,True
sample08326,sbj2775,no,0.5092624345644993,yes,False
sample08327,sbj2775,no,0.509167482220232,yes,False
sample08328,sbj2776,yes,0.5590789424339533,yes,True
sample08329,sbj2776,yes,0.5248712262375116,yes,True
sample08330,sbj2776,yes,0.5735463756690901,yes,True
sample08331,sbj2777,no,0.48122550253616614,no,True
sample08332,sbj2777,no,0.38066940731626636,no,True
sample08333,sbj2777,no,0.4316740438008988,no,True
sample08334,sbj2778,no,0.5273266617965638,yes,False
sample08335,sbj2778,no,0.5425472100455605,yes,False
sample08336,sbj2778,no,0.5044062400570685,yes,False
sample08337,sbj2779,yes,0.5498344647298578,yes,True
sample08338,sbj2779,yes,0.5041851912905908,yes,True
sample08339,sbj2779,yes,0.49508230912067597,no,False
sample08349,sbj2783,yes,0.544884176210651,yes,True
sample08350,sbj2783,yes,0.531313165787002,yes,True
sample08351,sbj2783,yes,0.4918827767386807,no,False
sample08352,sbj2784,yes,0.49776058148040353,no,False
sample08353,sbj2784,yes,0.6128838868913676,yes,True
sample08354,sbj2784,yes,0.487297455781912,no,False
sample08361,sbj2787,yes,0.5300174860285873,yes,True
sample08362,sbj2787,yes,0.4752480219779571,no,False
sample08363,sbj2787,yes,0.5288407618135478,yes,True
sample08367,sbj2789,no,0.4724309961007093,no,True
sample08368,sbj2789,no,0.4576966628867274,no,True
sample08369,sbj2789,no,0.5611506416572778,yes,False
sample08388,sbj2796,yes,0.5263402653770564,yes,True
sample08389,sbj2796,yes,0.5006399716213629,yes,True
sample08390,sbj2796,yes,0.5178888692618466,yes,True
sample08397,sbj2799,no,0.5386041144252437,yes,False
sample08398,sbj2799,no,0.5025049545917841,yes,False
sample08399,sbj2799,no,0.5843889859687883,yes,False
sample08403,sbj2801,yes,0.4523964825393579,no,False
sample08404,sbj2801,yes,0.4786147740665842,no,False
sample08405,sbj2801,yes,0.511625638343027,yes,True
sample08412,sbj2804,no,0.45102776850863613,no,True
sample08413,sbj2804,no,0.553151606252989,yes,False
sample08414,sbj2804,no,0.44106534331158576,no,True
sample08415,sbj2805,no,0.5265563300187036,yes,False
sample08416,sbj2805,no,0.537342898211781,yes,False
sample08417,sbj2805,no,0.44753806815446384,no,True
sample08421,sbj2807,no,0.5271199523961468,yes,False
sample08422,sbj2807,no,0.5457032210082795,yes,False
sample08423,sbj2807,no,0.43130064244649763,no,True
sample08433,sbj2811,no,0.49026484987142116,no,True
sample08434,sbj2811,no,0.5562488804822057,yes,False
sample08435,sbj2811,no,0.5144291740656132,yes,False
sample08436,sbj2812,no,0.47178060468442284,no,True
sample08437,sbj2812,no,0.4692477306812199,no,True
sample08438,sbj2812,no,0.4849830376497623,no,True
sample08439,sbj2813,no,0.5330700314313094,yes,False
sample08440,sbj2813,no,0.4961901624059623,no,True
sample08441,sbj2813,no,0.5875880133495454,yes,False
sample08442,sbj2814,yes,0.49616894929019256,no,False
sample08443,sbj2814,yes,0.4788056550187995,no,False
sample08444,sbj2814,yes,0.5114236686450426,yes,True
sample08460,sbj2820,no,0.48597355596592795,no,True
sample08461,sbj2820,no,0.4811516634398607,no,True
sample08462,sbj2820,no,0.5014346915335895,yes,False
sample08466,sbj2822,yes,0.5591252700827438,yes,True
sample08467,sbj2822,yes,0.5303226767691076,yes,True
sample08468,sbj2822,yes,0.4775620220633165,no,False
sample08472,sbj2824,no,0.49355185914778904,no,True
sample08473,sbj2824,no,0.5365603686286039,yes,False
sample08474,sbj2824,no,0.5116165278798468,yes,False
sample08481,sbj2827,yes,0.4131562744759068,no,False
sample08482,sbj2827,yes,0.5375248104303679,yes,True
sample08483,sbj2827,yes,0.5564131112000361,yes,True
sample08493,sbj2831,no,0.4522929050243827,no,True
sample08494,sbj2831,no,0.4583300377885014,no,True
sample08495,sbj2831,no,0.5416524673952923,yes,False
sample08502,sbj2834,no,0.5370725207986468,yes,False
sample08503,sbj2834,no,0.5320675639916882,yes,False
sample08504,sbj2834,no,0.4982005162177974,no,True
sample08520,sbj2840,no,0.5706453706247911,yes,False
sample08521,sbj2840,no,0.5063607346147851,yes,False
sample08522,sbj2840,no,0.4392998578235787,no,True
sample08526,sbj2842,no,0.5741563181368824,yes,False
sample08527,sbj2842,no,0.5617542950691464,yes,False
sample08528,sbj2842,no,0.4898127122458434,no,True
sample08541,sbj2847,no,0.4615866817271363,no,True
sample08542,sbj2847,no,0.6075538571706628,yes,False
sample08543,sbj2847,no,0.6030859797149921,yes,False
sample08556,sbj2852,no,0.511651474150828,yes,False
sample08557,sbj2852,no,0.5188286380820297,yes,False
sample08558,sbj2852,no,0.46970245595637766,no,True
sample08559,sbj2853,no,0.46724246289962135,no,True
sample08560,sbj2853,no,0.5311943746173121,yes,False
sample08561,sbj2853,no,0.5223132697484759,yes,False
sample08568,sbj2856,yes,0.44850727690701986,no,False
sample08569,sbj2856,yes,0.5344550165561167,yes,True
sample08570,sbj2856,yes,0.5420121527915837,yes,True
sample08583,sbj2861,yes,0.4824824616099823,no,False
sample08584,sbj2861,yes,0.540027385019033,yes,True
sample08585,sbj2861,yes,0.5374668057935269,yes,True
sample08589,sbj2863,no,0.46996907412403877,no,True
sample08590,sbj2863,no,0.47685042483893775,no,True
sample08591,sbj2863,no,0.4810820310103877,no,True
sample08595,sbj2865,yes,0.4604224833068794,no,False
sample08596,sbj2865,yes,0.4780071904729851,no,False
sample08597,sbj2865,yes,0.485454251343043,no,False
sample08610,sbj2870,yes,0.5321418908265229,yes,True
sample08611,sbj2870,yes,0.5052134308896303,yes,True
sample08612,sbj2870,yes,0.5535864347490129,yes,True
sample08637,sbj2879,no,0.4779677994977943,no,True
sample08638,sbj2879,no,0.4362148907590394,no,True
sample08639,sbj2879,no,0.52702164502135,yes,False
sample08655,sbj2885,yes,0.48251835961962714,no,False
sample08656,sbj2885,yes,0.5149306293718994,yes,True
sample08657,sbj2885,yes,0.5074402678684201,yes,True
sample08661,sbj2887,no,0.5172499784163006,yes,False
sample08662,sbj2887,no,0.4799401349911581,no,True
sample08663,sbj2887,no,0.5232849434492679,yes,False
sample08664,sbj2888,no,0.5029485322052637,yes,False
sample08665,sbj2888,no,0.48825893639089407,no,True
sample08666,sbj2888,no,0.5213017363581683,yes,False
sample08685,sbj2895,yes,0.462737824278394,no,False
sample08686,sbj2895,yes,0.5203201870310072,yes,True
sample08687,sbj2895,yes,0.5136892661954732,yes,True
sample08706,sbj2902,yes,0.5291686590978578,yes,True
sample08707,sbj2902,yes,0.5204782843608391,yes,True
sample08708,sbj2902,yes,0.50848698783377,yes,True
sample08712,sbj2904,no,0.4732718396133335,no,True
sample08713,sbj2904,no,0.5113822849078593,yes,False
sample08714,sbj2904,no,0.5352269718515598,yes,False
sample08718,sbj2906,yes,0.5180868556170463,yes,True
sample08719,sbj2906,yes,0.6106130680306944,yes,True
sample08720,sbj2906,yes,0.62199666720653,yes,True
sample08724,sbj2908,yes,0.44322179240423787,no,False
sample08725,sbj2908,yes,0.4892405795874079,no,False
sample08726,sbj2908,yes,0.5606594457462859,yes,True
sample08730,sbj2910,no,0.49658979717556045,no,True
sample08731,sbj2910,no,0.5074526205118705,yes,False
sample08732,sbj2910,no,0.513253810107719,yes,False
sample08751,sbj2917,no,0.558512429411885,yes,False
sample08752,sbj2917,no,0.5102688108077824,yes,False
sample08753,sbj2917,no,0.5109798632775662,yes,False
sample08763,sbj2921,no,0.546820449752123,yes,False
sample08764,sbj2921,no,0.5104539129649194,yes,False
sample08765,sbj2921,no,0.5471937822356803,yes,False
sample08769,sbj2923,yes,0.5280880968162088,yes,True
sample08770,sbj2923,yes,0.5702458477544097,yes,True
sample08771,sbj2923,yes,0.5221339001908565,yes,True
sample08781,sbj2927,yes,0.5678106194784226,yes,True
sample08782,sbj2927,yes,0.5311407323529528,yes,True
sample08783,sbj2927,yes,0.5269615961749617,yes,True
sample08805,sbj2935,no,0.49284940491347085,no,True
sample08806,sbj2935,no,0.4790587834369988,no,True
sample08807,sbj2935,no,0.5518542894112229,yes,False
sample08829,sbj2943,yes,0.4361314681338875,no,False
sample08830,sbj2943,yes,0.5244470321882398,yes,True
sample08831,sbj2943,yes,0.5082717665076195,yes,True
sample08832,sbj2944,yes,0.46341542547006603,no,False
sample08833,sbj2944,yes,0.5273729087160054,yes,True
sample08834,sbj2944,yes,0.5064289955646951,yes,True
sample08853,sbj2951,yes,0.38536908600168057,no,False
sample08854,sbj2951,yes,0.5152671205591529,yes,True
sample08855,sbj2951,yes,0.5206020887689252,yes,True
sample08856,sbj2952,yes,0.4865061995678946,no,False
sample08857,sbj2952,yes,0.5251691838515972,yes,True
sample08858,sbj2952,yes,0.5616375192939994,yes,True
sample08874,sbj2958,no,0.4945354967842345,no,True
sample08875,sbj2958,no,0.5470679539044091,yes,False
sample08876,sbj2958,no,0.5207542203461162,yes,False
sample08895,sbj2965,yes,0.479422556579056,no,False
sample08896,sbj2965,yes,0.48212940680865857,no,False
sample08897,sbj2965,yes,0.5581598048322266,yes,True
sample08913,sbj2971,yes,0.5228982117275687,yes,True
sample08914,sbj2971,yes,0.47816261331080306,no,False
sample08915,sbj2971,yes,0.5033564865730659,yes,True
sample08919,sbj2973,no,0.504061816411409,yes,False
sample08920,sbj2973,no,0.5279515202574866,yes,False
sample08921,sbj2973,no,0.5279514909910584,yes,False
sample08925,sbj2975,yes,0.4422729505036049,no,False
sample08926,sbj2975,yes,0.5299399795255545,yes,True
sample08927,sbj2975,yes,0.5701112383050081,yes,True
sample08943,sbj2981,yes,0.5230354112169642,yes,True
sample08944,sbj2981,yes,0.4783660490104289,no,False
sample08945,sbj2981,yes,0.531048265683078,yes,True
sample08946,sbj2982,yes,0.5073806361757558,yes,True
sample08947,sbj2982,yes,0.4734177742292419,no,False
sample08948,sbj2982,yes,0.5159747191885415,yes,True
sample08952,sbj2984,no,0.5138922649357103,yes,False
sample08953,sbj2984,no,0.4775727139253689,no,True
sample08954,sbj2984,no,0.5691649550112622,yes,False
sample08958,sbj2986,no,0.4855224551306159,no,True
sample08959,sbj2986,no,0.46610056051123033,no,True
sample08960,sbj2986,no,0.5130532435449144,yes,False
sample08967,sbj2989,no,0.522385573259484,yes,False
sample08968,sbj2989,no,0.5089278822288119,yes,False
sample08969,sbj2989,no,0.5196524503125707,yes,False
sample08970,sbj2990,yes,0.49209740013129,no,False
sample08971,sbj2990,yes,0.5510110696082404,yes,True
sample08972,sbj2990,yes,0.5230116246066516,yes,True
sample08976,sbj2992,no,0.5206403615349753,yes,False
sample08977,sbj2992,no,0.5312933972764593,yes,False
sample08978,sbj2992,no,0.4970661176109281,no,True
sample08979,sbj2993,yes,0.4997480542592511,no,False
sample08980,sbj2993,yes,0.5404089615314727,yes,True
sample08981,sbj2993,yes,0.5020912234958945,yes,True
sample09003,sbj3001,no,0.45228125656115,no,True
sample09004,sbj3001,no,0.5157713725392874,yes,False
sample09005,sbj3001,no,0.46925337307966597,no,True
sample09009,sbj3003,yes,0.5059780304779613,yes,True
sample09010,sbj3003,yes,0.5087618581697083,yes,True
sample09011,sbj3003,yes,0.5525439128999418,yes,True
sample09018,sbj3006,yes,0.48163551764248125,no,False
sample09019,sbj3006,yes,0.5034692727040071,yes,True
sample09020,sbj3006,yes,0.5176322222310905,yes,True
sample09024,sbj3008,yes,0.499911453928009,no,False
sample09025,sbj3008,yes,0.550462319165681,yes,True
sample09026,sbj3008,yes,0.471660429974852,no,False
sample09030,sbj3010,no,0.475387010786093,no,True
sample09031,sbj3010,no,0.5249394992857501,yes,False
sample09032,sbj3010,no,0.4446143982468082,no,True
sample09036,sbj3012,no,0.46608498758323225,no,True
sample09037,sbj3012,no,0.45784289699340996,no,True
sample09038,sbj3012,no,0.49401978913313255,no,True
sample09039,sbj3013,no,0.46416800156745486,no,True
sample09040,sbj3013,no,0.4962738422985764,no,True
sample09041,sbj3013,no,0.45912064654963997,no,True
sample09048,sbj3016,no,0.5213491695194136,yes,False
sample09049,sbj3016,no,0.5355625908624739,yes,False
sample09050,sbj3016,no,0.5374932751905684,yes,False
sample09060,sbj3020,no,0.5453126096286481,yes,False
sample09061,sbj3020,no,0.46918853723146736,no,True
sample09062,sbj3020,no,0.5246165170656838,yes,False
sample09066,sbj3022,no,0.5292167062474352,yes,False
sample09067,sbj3022,no,0.4187413377785504,no,True
sample09068,sbj3022,no,0.506998812791947,yes,False
sample09072,sbj3024,yes,0.5172373758333094,yes,True
sample09073,sbj3024,yes,0.5064323534302367,yes,True
sample09074,sbj3024,yes,0.5236006621061987,yes,True
sample09081,sbj3027,yes,0.5379836752072654,yes,True
sample09082,sbj3027,yes,0.5446161717168918,yes,True
sample09083,sbj3027,yes,0.46096480919584315,no,False
sample09087,sbj3029,yes,0.5320931957151093,yes,True
sample09088,sbj3029,yes,0.519676401005078,yes,True
sample09089,sbj3029,yes,0.45376332445476103,no,False
sample09102,sbj3034,yes,0.52214835597913,yes,True
sample09103,sbj3034,yes,0.5380021820369248,yes,True
sample09104,sbj3034,yes,0.5281238090145065,yes,True
sample09114,sbj3038,yes,0.5120063397064765,yes,True
sample09115,sbj3038,yes,0.5828949908600037,yes,True
sample09116,sbj3038,yes,0.480105062301674,no,False
sample09129,sbj3043,yes,0.45576559231769753,no,False
sample09130,sbj3043,yes,0.542384050343719,yes,True
sample09131,sbj3043,yes,0.5928928777939957,yes,True
sample09144,sbj3048,yes,0.4554911817231707,no,False
sample09145,sbj3048,yes,0.4963424075458097,no,False
sample09146,sbj3048,yes,0.5211433307486639,yes,True
sample09150,sbj3050,no,0.5145608323681081,yes,False
sample09151,sbj3050,no,0.5038114633887074,yes,False
sample09152,sbj3050,no,0.5442815273754695,yes,False
sample09159,sbj3053,no,0.48148366111809915,no,True
sample09160,sbj3053,no,0.48275317957082375,no,True
sample09161,sbj3053,no,0.5321029117968654,yes,False
sample09162,sbj3054,yes,0.42815559359933314,no,False
sample09163,sbj3054,yes,0.5284769985323509,yes,True
sample09164,sbj3054,yes,0.5656769958241525,yes,True
sample09171,sbj3057,yes,0.5310851269894902,yes,True
sample09172,sbj3057,yes,0.4226750778614622,no,False
sample09173,sbj3057,yes,0.4860051620938409,no,False
sample09180,sbj3060,yes,0.5229444744270956,yes,True
sample09181,sbj3060,yes,0.47018788045513543,no,False
sample09182,sbj3060,yes,0.5583250870700774,yes,True
sample09183,sbj3061,no,0.5238537248596655,yes,False
sample09184,sbj3061,no,0.5228006253473025,yes,False
sample09185,sbj3061,no,0.5247776552404221,yes,False
sample09198,sbj3066,yes,0.5157889218137038,yes,True
sample09199,sbj3066,yes,0.4338643424952936,no,False
sample09200,sbj3066,yes,0.472236614205155,no,False
sample09213,sbj3071,no,0.44455019191406264,no,True
sample09214,sbj3071,no,0.5391713553945796,yes,False
sample09215,sbj3071,no,0.486759043127668,no,True
sample09243,sbj3081,yes,0.4843810260739056,no,False
sample09244,sbj3081,yes,0.5202592453323334,yes,True
sample09245,sbj3081,yes,0.5390720598043719,yes,True
sample09246,sbj3082,no,0.49988068255287454,no,True
sample09247,sbj3082,no,0.5287839214237186,yes,False
sample09248,sbj3082,no,0.49329109326149706,no,True
sample09249,sbj3083,no,0.4823066155176929,no,True
sample09250,sbj3083,no,0.5012499781548216,yes,False
sample09251,sbj3083,no,0.5559673580305962,yes,False
sample09288,sbj3096,no,0.5181305917094381,yes,False
sample09289,sbj3096,no,0.5643154367801985,yes,False
sample09290,sbj3096,no,0.49346958411107045,no,True
sample09294,sbj3098,no,0.49339100505539785,no,True
sample09295,sbj3098,no,0.5554550594691173,yes,False
sample09296,sbj3098,no,0.47068083420236906,no,True
sample09300,sbj3100,yes,0.5035515404518301,yes,True
sample09301,sbj3100,yes,0.5481274088260814,yes,True
sample09302,sbj3100,yes,0.5730993295100754,yes,True
sample09303,sbj3101,no,0.5477708840073753,yes,False
sample09304,sbj3101,no,0.5740876838299787,yes,False
sample09305,sbj3101,no,0.43526294007504507,no,True
sample09354,sbj3118,no,0.49580734163922524,no,True
sample09355,sbj3118,no,0.3897827111895315,no,True
sample09356,sbj3118,no,0.5070550871139649,yes,False
sample09363,sbj3121,no,0.5046396382868099,yes,False
sample09364,sbj3121,no,0.46431522141110815,no,True
sample09365,sbj3121,no,0.4652646182865053,no,True
sample09378,sbj3126,no,0.5074161687717564,yes,False
sample09379,sbj3126,no,0.4952256597105749,no,True
sample09380,sbj3126,no,0.5256644285616883,yes,False
sample09384,sbj3128,no,0.5126066963620209,yes,False
sample09385,sbj3128,no,0.5318400966602257,yes,False
sample09386,sbj3128,no,0.42274327658243044,no,True
sample09387,sbj3129,no,0.5835158363657799,yes,False
sample09388,sbj3129,no,0.3853089533648013,no,True
sample09389,sbj3129,no,0.5902679327851952,yes,False
sample09390,sbj3130,yes,0.46449539438572646,no,False
sample09391,sbj3130,yes,0.4333352169884172,no,False
sample09392,sbj3130,yes,0.5153212278325188,yes,True
sample09393,sbj3131,yes,0.4420192516276816,no,False
sample09394,sbj3131,yes,0.47880001485733514,no,False
sample09395,sbj3131,yes,0.505416759722099,yes,True
sample09414,sbj3138,no,0.5343657228842315,yes,False
sample09415,sbj3138,no,0.48926205348157964,no,True
sample09416,sbj3138,no,0.4844914733643845,no,True
sample09420,sbj3140,no,0.46538701466672405,no,True
sample09421,sbj3140,no,0.4928045887017558,no,True
sample09422,sbj3140,no,0.5285129099340994,yes,False
sample09429,sbj3143,no,0.513700660830117,yes,False
sample09430,sbj3143,no,0.5244901262994078,yes,False
sample09431,sbj3143,no,0.5155806469987348,yes,False
sample09432,sbj3144,no,0.4935245995660276,no,True
sample09433,sbj3144,no,0.4816827266355472,no,True
sample09434,sbj3144,no,0.4874303329771929,no,True
sample09441,sbj3147,yes,0.4835504426834796,no,False
sample09442,sbj3147,yes,0.5464011999580188,yes,True
sample09443,sbj3147,yes,0.47173252273915095,no,False
sample09450,sbj3150,yes,0.560983005431742,yes,True
sample09451,sbj3150,yes,0.49808957798593995,no,False
sample09452,sbj3150,yes,0.582942719620172,yes,True
sample09459,sbj3153,yes,0.48270300400348887,no,False
sample09460,sbj3153,yes,0.47150939157329874,no,False
sample09461,sbj3153,yes,0.45120467391468927,no,False
sample09468,sbj3156,yes,0.5234655382812478,yes,True
sample09469,sbj3156,yes,0.4840145893574579,no,False
sample09470,sbj3156,yes,0.521303060575662,yes,True
sample09477,sbj3159,no,0.4992243365839943,no,True
sample09478,sbj3159,no,0.40824926786955085,no,True
sample09479,sbj3159,no,0.512721373351372,yes,False
sample09483,sbj3161,no,0.4983127929848488,no,True
sample09484,sbj3161,no,0.5478838498476036,yes,False
sample09485,sbj3161,no,0.535781187532244,yes,False
sample09486,sbj3162,yes,0.5184554727900361,yes,True
sample09487,sbj3162,yes,0.5689922997823721,yes,True
sample09488,sbj3162,yes,0.506704330055193,yes,True
sample09489,sbj3163,yes,0.5429506354925024,yes,True
sample09490,sbj3163,yes,0.5344456479911294,yes,True
sample09491,sbj3163,yes,0.542628205378095,yes,True
sample09492,sbj3164,no,0.47189542952243374,no,True
sample09493,sbj3164,no,0.4845900419106972,no,True
sample09494,sbj3164,no,0.48100157914711067,no,True
sample09495,sbj3165,yes,0.42977143391441835,no,False
sample09496,sbj3165,yes,0.48312303993927813,no,False
sample09497,sbj3165,yes,0.5342503463716538,yes,True
sample09513,sbj3171,yes,0.45874962161297816,no,False
sample09514,sbj3171,yes,0.5016538628894721,yes,True
sample09515,sbj3171,yes,0.5397688855215096,yes,True
sample09519,sbj3173,yes,0.48135168275948576,no,False
sample09520,sbj3173,yes,0.5486441496644517,yes,True
sample09521,sbj3173,yes,0.4819672028803656,no,False
sample09546,sbj3182,yes,0.49717140415548566,no,False
sample09547,sbj3182,yes,0.4669135339001623,no,False
sample09548,sbj3182,yes,0.5073464052207908,yes,True
sample09555,sbj3185,no,0.498544428067222,no,True
sample09556,sbj3185,no,0.4844364959100736,no,True
sample09557,sbj3185,no,0.5162397307804523,yes,False
sample09567,sbj3189,no,0.5306325226603092,yes,False
sample09568,sbj3189,no,0.4652487811245309,no,True
sample09569,sbj3189,no,0.48837426533677,no,True
sample09573,sbj3191,yes,0.4831487983553249,no,False
sample09574,sbj3191,yes,0.4692167616362966,no,False
sample09575,sbj3191,yes,0.45800249112450503,no,False
sample09579,sbj3193,yes,0.49921994858345387,no,False
sample09580,sbj3193,yes,0.46794603569982973,no,False
sample09581,sbj3193,yes,0.5612607163572324,yes,True
sample09582,sbj3194,yes,0.48187885705881306,no,False
sample09583,sbj3194,yes,0.5218731138954696,yes,True
sample09584,sbj3194,yes,0.5406546562635198,yes,True
sample09585,sbj3195,no,0.5516443885578485,yes,False
sample09586,sbj3195,no,0.5601910835094924,yes,False
sample09587,sbj3195,no,0.5514915864989809,yes,False
sample09588,sbj3196,no,0.4530544145116003,no,True
sample09589,sbj3196,no,0.5199418615511819,yes,False
sample09590,sbj3196,no,0.499081542404215,no,True
sample09591,sbj3197,yes,0.4719849577803613,no,False
sample09592,sbj3197,yes,0.450094233387096,no,False
sample09593,sbj3197,yes,0.5030894217922417,yes,True
sample09597,sbj3199,yes,0.44406693728098867,no,False
sample09598,sbj3199,yes,0.4958419164304777,no,False
sample09599,sbj3199,yes,0.5444539586129905,yes,True
sample09606,sbj3202,yes,0.44547349060466107,no,False
sample09607,sbj3202,yes,0.5350555670575604,yes,True
sample09608,sbj3202,yes,0.5302922340673174,yes,True
sample09612,sbj3204,yes,0.5502275503376256,yes,True
sample09613,sbj3204,yes,0.5826291799265385,yes,True
sample09614,sbj3204,yes,0.5148988027330825,yes,True
sample09615,sbj3205,yes,0.4905667551373122,no,False
sample09616,sbj3205,yes,0.5265605715731655,yes,True
sample09617,sbj3205,yes,0.48201045791939773,no,False
sample09627,sbj3209,no,0.4825847911497263,no,True
sample09628,sbj3209,no,0.488109730890229,no,True
sample09629,sbj3209,no,0.46720691580414214,no,True
sample09657,sbj3219,no,0.5569091708371128,yes,False
sample09658,sbj3219,no,0.51546406579565,yes,False
sample09659,sbj3219,no,0.505746069394239,yes,False
sample09666,sbj3222,yes,0.5362974229766739,yes,True
sample09667,sbj3222,yes,0.5273439217737779,yes,True
sample09668,sbj3222,yes,0.44301612346287716,no,False
sample09672,sbj3224,no,0.5280692104814181,yes,False
sample09673,sbj3224,no,0.503811052693721,yes,False
sample09674,sbj3224,no,0.4879249971772695,no,True
sample09690,sbj3230,yes,0.5198550824100713,yes,True
sample09691,sbj3230,yes,0.5033965347673365,yes,True
sample09692,sbj3230,yes,0.5070327314219791,yes,True
sample09699,sbj3233,yes,0.4407920055016688,no,False
sample09700,sbj3233,yes,0.5053391495436406,yes,True
sample09701,sbj3233,yes,0.5382526719445816,yes,True
sample09705,sbj3235,yes,0.4969299579175093,no,False
sample09706,sbj3235,yes,0.551356351943712,yes,True
sample09707,sbj3235,yes,0.5152453829973829,yes,True
sample09720,sbj3240,yes,0.48840987832705046,no,False
sample09721,sbj3240,yes,0.563709063037252,yes,True
sample09722,sbj3240,yes,0.5181851477560419,yes,True
sample09744,sbj3248,no,0.4341428065215424,no,True
sample09745,sbj3248,no,0.5375200014373528,yes,False
sample09746,sbj3248,no,0.4716566259489381,no,True
sample09756,sbj3252,no,0.5250765288519175,yes,False
sample09757,sbj3252,no,0.5198240202071391,yes,False
sample09758,sbj3252,no,0.47589398106882813,no,True
sample09762,sbj3254,no,0.4856237644587719,no,True
sample09763,sbj3254,no,0.5663689113678697,yes,False
sample09764,sbj3254,no,0.49863201948048064,no,True
sample09783,sbj3261,yes,0.4871747660563722,no,False
sample09784,sbj3261,yes,0.5071142845419788,yes,True
sample09785,sbj3261,yes,0.4953901600031701,no,False
sample09798,sbj3266,yes,0.48146584645208784,no,False
sample09799,sbj3266,yes,0.5478085724327295,yes,True
sample09800,sbj3266,yes,0.5010220013201402,yes,True
sample09813,sbj3271,no,0.4470773951390559,no,True
sample09814,sbj3271,no,0.5108402276602746,yes,False
sample09815,sbj3271,no,0.5325489865965423,yes,False
sample09816,sbj3272,no,0.4715806512055325,no,True
sample09817,sbj3272,no,0.5851539574876298,yes,False
sample09818,sbj3272,no,0.5246701652846988,yes,False
sample09870,sbj3290,no,0.5204873029162622,yes,False
sample09871,sbj3290,no,0.5399311841755172,yes,False
sample09872,sbj3290,no,0.5332882788334774,yes,False
sample09873,sbj3291,no,0.5065872104045784,yes,False
sample09874,sbj3291,no,0.4770608352130641,no,True
sample09875,sbj3291,no,0.510909323630027,yes,False
sample09894,sbj3298,no,0.559567110922403,yes,False
sample09895,sbj3298,no,0.5417717889285987,yes,False
sample09896,sbj3298,no,0.46890225580571204,no,True
sample09900,sbj3300,no,0.4655228521736655,no,True
sample09901,sbj3300,no,0.5161349408574784,yes,False
sample09902,sbj3300,no,0.5121554040424746,yes,False
sample09903,sbj3301,no,0.4848994869866074,no,True
sample09904,sbj3301,no,0.5370671487190193,yes,False
sample09905,sbj3301,no,0.4492434216921652,no,True
sample09909,sbj3303,yes,0.49511221332659333,no,False
sample09910,sbj3303,yes,0.6013204088707551,yes,True
sample09911,sbj3303,yes,0.4622188316055656,no,False
sample09912,sbj3304,no,0.44177677673155025,no,True
sample09913,sbj3304,no,0.510548347683929,yes,False
sample09914,sbj3304,no,0.4911922291686159,no,True
sample09918,sbj3306,no,0.5449250729893313,yes,False
sample09919,sbj3306,no,0.468514742494983,no,True
sample09920,sbj3306,no,0.5006111564890771,yes,False
sample09924,sbj3308,yes,0.5206371502849316,yes,True
sample09925,sbj3308,yes,0.5398508120745777,yes,True
sample09926,sbj3308,yes,0.4859885219121292,no,False
sample09963,sbj3321,yes,0.4749879218635434,no,False
sample09964,sbj3321,yes,0.5145990634220641,yes,True
sample09965,sbj3321,yes,0.4973837412474463,no,False
sample09978,sbj3326,yes,0.4449557199735554,no,False
sample09979,sbj3326,yes,0.536009614381467,yes,True
sample09980,sbj3326,yes,0.48247216788239783,no,False
sample09987,sbj3329,no,0.49206887519272324,no,True
sample09988,sbj3329,no,0.5601575580923632,yes,False
sample09989,sbj3329,no,0.502211276663104,yes,False
sample09990,sbj3330,yes,0.5094511971700835,yes,True
sample09991,sbj3330,yes,0.5882745445764317,yes,True
sample09992,sbj3330,yes,0.4907964876745139,no,False
sample09996,sbj3332,yes,0.4952700961586462,no,False
sample09997,sbj3332,yes,0.5772853817440999,yes,True
sample09998,sbj3332,yes,0.5533080389236291,yes,True
sample09999,sbj3333,no,0.4908964976675468,no,True
sample10000,sbj3333,no,0.47091779637132364,no,True
sample10001,sbj3333,no,0.47218146069720174,no,True
sample10038,sbj3346,yes,0.5517180301819439,yes,True
sample10039,sbj3346,yes,0.5014329930355378,yes,True
sample10040,sbj3346,yes,0.502808556641641,yes,True
sample10041,sbj3347,yes,0.48799506629306005,no,False
sample10042,sbj3347,yes,0.5070252174557455,yes,True
sample10043,sbj3347,yes,0.4686989855536145,no,False
sample10068,sbj3356,no,0.4848962521781192,no,True
sample10069,sbj3356,no,0.5364377152834416,yes,False
sample10070,sbj3356,no,0.5782323499330713,yes,False
sample10089,sbj3363,no,0.48175788756728616,no,True
sample10090,sbj3363,no,0.5371459825150179,yes,False
sample10091,sbj3363,no,0.4274537981624728,no,True
sample10095,sbj3365,yes,0.5320836597817646,yes,True
sample10096,sbj3365,yes,0.45493251931074663,no,False
sample10097,sbj3365,yes,0.4635869801763168,no,False
sample10116,sbj3372,yes,0.5444106352587084,yes,True
sample10117,sbj3372,yes,0.5524272374924594,yes,True
sample10118,sbj3372,yes,0.5423483097315971,yes,True
sample10125,sbj3375,yes,0.4696898912043189,no,False
sample10126,sbj3375,yes,0.48533911637522553,no,False
sample10127,sbj3375,yes,0.5202722540276865,yes,True
sample10128,sbj3376,yes,0.5288853157193706,yes,True
sample10129,sbj3376,yes,0.5010752623160568,yes,True
sample10130,sbj3376,yes,0.5244496207213672,yes,True
sample10131,sbj3377,yes,0.5159463216923571,yes,True
sample10132,sbj3377,yes,0.4897578253179853,no,False
sample10133,sbj3377,yes,0.5055018431237285,yes,True
sample10140,sbj3380,yes,0.4791154380598172,no,False
sample10141,sbj3380,yes,0.42158185188434183,no,False
sample10142,sbj3380,yes,0.5118254085917179,yes,True
sample10179,sbj3393,yes,0.5291153808626639,yes,True
sample10180,sbj3393,yes,0.5282849775012358,yes,True
sample10181,sbj3393,yes,0.5310469488572375,yes,True
sample10191,sbj3397,no,0.5008741434718376,yes,False
sample10192,sbj3397,no,0.520886870675462,yes,False
sample10193,sbj3397,no,0.486379037538639,no,True
sample10197,sbj3399,yes,0.4836322350871064,no,False
sample10198,sbj3399,yes,0.5197112138520448,yes,True
sample10199,sbj3399,yes,0.5034228759401711,yes,True
sample10230,sbj3410,no,0.4570195910111267,no,True
sample10231,sbj3410,no,0.47638865016921983,no,True
sample10232,sbj3410,no,0.54269219475035,yes,False
sample10233,sbj3411,yes,0.46466715120771,no,False
sample10234,sbj3411,yes,0.5449942429186928,yes,True
sample10235,sbj3411,yes,0.4861588177006741,no,False
sample10248,sbj3416,yes,0.48812709455283393,no,False
sample10249,sbj3416,yes,0.5674527259563003,yes,True
sample10250,sbj3416,yes,0.571233542189825,yes,True
sample10251,sbj3417,no,0.5067877338518176,yes,False
sample10252,sbj3417,no,0.5362208630696209,yes,False
sample10253,sbj3417,no,0.5385864365571682,yes,False
sample10266,sbj3422,no,0.4767194355141016,no,True
sample10267,sbj3422,no,0.49733331194137775,no,True
sample10268,sbj3422,no,0.49058039606759435,no,True
sample10305,sbj3435,no,0.5086679076708931,yes,False
sample10306,sbj3435,no,0.4788914966248959,no,True
sample10307,sbj3435,no,0.5524363106710094,yes,False
sample10320,sbj3440,no,0.4820233744316559,no,True
sample10321,sbj3440,no,0.47217147532068454,no,True
sample10322,sbj3440,no,0.49674001879185226,no,True
sample10323,sbj3441,yes,0.506143104966431,yes,True
sample10324,sbj3441,yes,0.4762574658527235,no,False
sample10325,sbj3441,yes,0.4792045118200327,no,False
sample10335,sbj3445,yes,0.5395500702585511,yes,True
sample10336,sbj3445,yes,0.5701500227114531,yes,True
sample10337,sbj3445,yes,0.44607124226245126,no,False
sample10341,sbj3447,yes,0.5638970875750005,yes,True
sample10342,sbj3447,yes,0.5150093006812831,yes,True
sample10343,sbj3447,yes,0.4995706887741387,no,False
sample10347,sbj3449,yes,0.5233513771022292,yes,True
sample10348,sbj3449,yes,0.46918817127978685,no,False
sample10349,sbj3449,yes,0.5270856524452175,yes,True
sample10356,sbj3452,yes,0.48964952212711954,no,False
sample10357,sbj3452,yes,0.49346749190018646,no,False
sample10358,sbj3452,yes,0.5278881453309984,yes,True
sample10383,sbj3461,yes,0.44564014002794733,no,False
sample10384,sbj3461,yes,0.5654490814450364,yes,True
sample10385,sbj3461,yes,0.46697215818888094,no,False
sample10386,sbj3462,yes,0.531853965749304,yes,True
sample10387,sbj3462,yes,0.5276705754221396,yes,True
sample10388,sbj3462,yes,0.556804076987396,yes,True
sample10392,sbj3464,yes,0.5041300518352927,yes,True
sample10393,sbj3464,yes,0.4785239443775613,no,False
sample10394,sbj3464,yes,0.5610634072277364,yes,True
sample10395,sbj3465,no,0.5398389937390367,yes,False
sample10396,sbj3465,no,0.5004560886777609,yes,False
sample10397,sbj3465,no,0.44049026801566754,no,True
sample10410,sbj3470,yes,0.48976705944157545,no,False
sample10411,sbj3470,yes,0.5389238840666631,yes,True
sample10412,sbj3470,yes,0.4746289985607908,no,False
sample10416,sbj3472,no,0.49917512071670006,no,True
sample10417,sbj3472,no,0.4348192718126388,no,True
sample10418,sbj3472,no,0.5476867469122885,yes,False
sample10443,sbj3481,yes,0.5637544201071757,yes,True
sample10444,sbj3481,yes,0.5668656873327405,yes,True
sample10445,sbj3481,yes,0.433309044843104,no,False
sample10455,sbj3485,no,0.5126170671861888,yes,False
sample10456,sbj3485,no,0.5384535911875453,yes,False
sample10457,sbj3485,no,0.5098445702200377,yes,False
sample10470,sbj3490,no,0.520536748213878,yes,False
sample10471,sbj3490,no,0.4927220757854366,no,True
sample10472,sbj3490,no,0.4601677909938824,no,True
sample10473,sbj3491,no,0.5668319326172393,yes,False
sample10474,sbj3491,no,0.5210985991014742,yes,False
sample10475,sbj3491,no,0.49618180378988924,no,True
sample10491,sbj3497,yes,0.5075578240885991,yes,True
sample10492,sbj3497,yes,0.41950525158511215,no,False
sample10493,sbj3497,yes,0.5022784767383254,yes,True
